"s","birthName"
"http://dbpedia.org/resource/Rubén_Darío",""
"http://dbpedia.org/resource/Zygmunt_Krasiński",""
"http://dbpedia.org/resource/E._E._Cummings",""
"http://dbpedia.org/resource/Florbela_Espanca",""
"http://dbpedia.org/resource/Novalis",""
"http://dbpedia.org/resource/Pam_Ayres",""
"http://dbpedia.org/resource/Jean_Cocteau",""
"http://dbpedia.org/resource/Mario_Petrucci",""
"http://dbpedia.org/resource/Matsuo_Bashō",")"
"http://dbpedia.org/resource/Kobayashi_Issa",")"
"http://dbpedia.org/resource/Mareez","Abbas Abdul Ali Vasi"
"http://dbpedia.org/resource/Abhi_Subedi","Abhi Narayan Subedi"
"http://dbpedia.org/resource/Adam_Asnyk","Adam Asnyk"
"http://dbpedia.org/resource/Adam_Mickiewicz","Adam Bernard Mickiewicz"
"http://dbpedia.org/resource/Ayo_Ayoola-Amale","Adebisi Ayo Adekeye"
"http://dbpedia.org/resource/Addie_L._Ballou","Adeline Lucia Hart"
"http://dbpedia.org/resource/Adrienne_Rich","Adrienne Cecile Rich"
"http://dbpedia.org/resource/Emilia_Lanier","Aemilia Bassano"
"http://dbpedia.org/resource/Agha_Shahid_Ali","Agha Shahid Ali"
"http://dbpedia.org/resource/Aimé_Césaire","Aimé Fernand David Césaire"
"http://dbpedia.org/resource/Adam_Ważyk","Ajzyk Wagman"
"http://dbpedia.org/resource/Wole_Soyinka","Akínwándé Olúwolé Babátúndé Sóyíinká"
"http://dbpedia.org/resource/Alurista","Alberto Baltazar Urista Heredia"
"http://dbpedia.org/resource/Alda_Lara","Alda Ferreira Pires Barreto de Lara Albuquerque"
"http://dbpedia.org/resource/Branko_Radičević","Aleksije Radičević"
"http://dbpedia.org/resource/Alessandro_Manzoni","Alessandro Francesco Tommaso Manzoni"
"http://dbpedia.org/resource/Alexander_Blok","Alexander Alexandrovich Blok"
"http://dbpedia.org/resource/Alfonso_Vallejo","Alfonso Rodríguez Vallejo"
"http://dbpedia.org/resource/Alfred_Corn","Alfred DeWitt Corn III"
"http://dbpedia.org/resource/A._E._Housman","Alfred Edward Housman"
"http://dbpedia.org/resource/Joyce_Kilmer","Alfred Joyce Kilmer"
"http://dbpedia.org/resource/Alfred_de_Musset","Alfred Louis Charles de Musset-Pathay"
"http://dbpedia.org/resource/Alfred_de_Vigny","Alfred Victor, Comte de Vigny"
"http://dbpedia.org/resource/Nima_Yooshij","Ali Esfandiari"
"http://dbpedia.org/resource/Alice_Notley","Alice Elizabeth Notley"
"http://dbpedia.org/resource/Alice_Walker","Alice Malsenior Walker"
"http://dbpedia.org/resource/Alison_Cockburn","Alison Rutherford"
"http://dbpedia.org/resource/Alphonse_de_Lamartine","Alphonse Marie Louis de Prat de Lamartine"
"http://dbpedia.org/resource/Guru_Amar_Das","Amar Das"
"http://dbpedia.org/resource/Paul_Valéry","Ambroise Paul Toussaint Jules Valéry"
"http://dbpedia.org/resource/Amy_Parkinson","Amelia Jane Parkinson"
"http://dbpedia.org/resource/Hushang_Ebtehaj","Amir Hushang Ebtehaj"
"http://dbpedia.org/resource/Amos_Bronson_Alcott","Amos Bronson Alcox"
"http://dbpedia.org/resource/Amy_Lowell","Amy Lawrence Lowell"
"http://dbpedia.org/resource/Veronica_Micle","Ana Câmpeanu"
"http://dbpedia.org/resource/Andrei_Voznesensky","Andrei Andreyevich Voznesensky"
"http://dbpedia.org/resource/Banjo_Paterson","Andrew Barton Paterson"
"http://dbpedia.org/resource/André_Breton","André Robert Breton"
"http://dbpedia.org/resource/Angela_Readman","Angela Readman"
"http://dbpedia.org/resource/Angus_Calder","Angus Lindsay Ritchie Calder"
"http://dbpedia.org/resource/Anna_Akhmatova","Anna Andreevna Gorenko"
"http://dbpedia.org/resource/Annette_von_Droste-Hülshoff","Anna Elisabeth Franziska Adolphine Wilhelmine Louise Maria von Droste zu Hülshoff"
"http://dbpedia.org/resource/Anna_Laetitia_Barbauld","Anna Laetitia Aikin"
"http://dbpedia.org/resource/Anne_Bradstreet","Anne Dudley"
"http://dbpedia.org/resource/Anne_Elizabeth_Wilson","Anne Elizabeth Wilson"
"http://dbpedia.org/resource/Anne_Sexton","Anne Gray Harvey"
"http://dbpedia.org/resource/Anne_Morrow_Lindbergh","Anne Spencer Morrow"
"http://dbpedia.org/resource/Annie_Finch","Annie Ridley Crane Finch"
"http://dbpedia.org/resource/Antonin_Artaud","Antoine-Marie-Joseph Artaud"
"http://dbpedia.org/resource/Anton_Martin_Slomšek","Anton Martin Slomšek"
"http://dbpedia.org/resource/Antoni_Słonimski","Antoni Słonimski"
"http://dbpedia.org/resource/Antonio_Machado","Antonio Cipriano José María y Francisco de Santa Ana Machado y Ruiz"
"http://dbpedia.org/resource/Aphra_Behn","Aphra Johnson (?)"
"http://dbpedia.org/resource/Eino_Leino","Armas Einar Leopold Lönnbohm"
"http://dbpedia.org/resource/Arthur_Machen","Arthur Llewellyn Jones"
"http://dbpedia.org/resource/Robert_Hayden","Asa Bundy Sheffey"
"http://dbpedia.org/resource/Ashok_Chakradhar","Ashoka Sharma"
"http://dbpedia.org/resource/Audre_Lorde","Audrey Geraldine Lorde"
"http://dbpedia.org/resource/August_Kleinzahler","August Kleinzahler"
"http://dbpedia.org/resource/Malcolm_Guite","Ayodeji Malcolm Guite"
"http://dbpedia.org/resource/Basil_Bunting","Basil Cheesman Bunting"
"http://dbpedia.org/resource/Beatrice_Redpath","Beatrice Constance Peterson"
"http://dbpedia.org/resource/Benjamin_Zephaniah","Benjamin Obadiah Iqbal Zephaniah"
"http://dbpedia.org/resource/Ben_Lerner","Benjamin S. Lerner"
"http://dbpedia.org/resource/Beth_Gylys","Beth Ann Gylys"
"http://dbpedia.org/resource/Bhupi_Sherchan","Bhupendra Man Sherchan"
"http://dbpedia.org/resource/Bolesław_Leśmian","Bolesław Lesman"
"http://dbpedia.org/resource/Boris_Pasternak","Boris Leonidovich Pasternak"
"http://dbpedia.org/resource/Andrei_Bely","Boris Nikolaevich Bugaev"
"http://dbpedia.org/resource/Abdillahi_Suldaan_Mohammed_Timacade","Cabdillaahii Suuldaan Maxamed"
"http://dbpedia.org/resource/Calvin_Trillin","Calvin Marshall Trillin"
"http://dbpedia.org/resource/Camille_Dungy","Camille T. Dungy"
"http://dbpedia.org/resource/Carl_Sandburg","Carl August Sandberg"
"http://dbpedia.org/resource/Caroline_Norton","Caroline Elizabeth Sarah Sheridan"
"http://dbpedia.org/resource/Carolyn_Kizer","Carolyn Ashley Kizer"
"http://dbpedia.org/resource/Carolyn_D._Wright","Carolyn Doris Wright"
"http://dbpedia.org/resource/Carolyn_Kreiter-Foronda","Carolyn Kreiter"
"http://dbpedia.org/resource/Cecília_Meireles","Cecília Benevides de Carvalho Meireles"
"http://dbpedia.org/resource/Cemal_Süreya","Cemalettin Seber"
"http://dbpedia.org/resource/Charles_Lindbergh","Charles Augustus Lindbergh"
"http://dbpedia.org/resource/Calvin_Ziegler","Charles Calvin Ziegler"
"http://dbpedia.org/resource/Charles_Ghigna","Charles Ghigna"
"http://dbpedia.org/resource/Charles_Sorley","Charles Hamilton Sorley"
"http://dbpedia.org/resource/Charles_Harpur","Charles Harpur"
"http://dbpedia.org/resource/Lewis_Carroll","Charles Lutwidge Dodgson"
"http://dbpedia.org/resource/Leconte_de_Lisle","Charles Marie René Leconte de Lisle"
"http://dbpedia.org/resource/Charles_Baxter_(author)","Charles Morley Baxter"
"http://dbpedia.org/resource/Charles_Baudelaire","Charles Pierre Baudelaire"
"http://dbpedia.org/resource/Charles_Péguy","Charles Pierre Péguy"
"http://dbpedia.org/resource/Charlotte_Forten_Grimké","Charlotte Louise Bridges Forten"
"http://dbpedia.org/resource/Charlotte_Mew","Charlotte Mary Mew"
"http://dbpedia.org/resource/Charlotte_Smith_(writer)","Charlotte Turner"
"http://dbpedia.org/resource/Christa_Wolf","Christa Ihlenfeld"
"http://dbpedia.org/resource/Christian_Bök","Christian Book"
"http://dbpedia.org/resource/Christian_Morgenstern","Christian Otto Josef Wolfgang Morgenstern"
"http://dbpedia.org/resource/Ama_Ata_Aidoo","Christina Ama Aidoo"
"http://dbpedia.org/resource/Christina_Rossetti","Christina Georgina Rossetti"
"http://dbpedia.org/resource/Christine_De_Luca","Christine Pearson"
"http://dbpedia.org/resource/Chris_Abani","Christopher Abani"
"http://dbpedia.org/resource/Christopher_Brennan","Christopher John Brennan"
"http://dbpedia.org/resource/Hugh_MacDiarmid","Christopher Murray Grieve"
"http://dbpedia.org/resource/Joaquin_Miller","Cincinnatus Hiner Miller"
"http://dbpedia.org/resource/C._S._Lewis","Clive Staples Lewis"
"http://dbpedia.org/resource/Coleman_Barks","Coleman Bryan Barks"
"http://dbpedia.org/resource/Conrad_Aiken","Conrad Potter Aiken"
"http://dbpedia.org/resource/Countee_Cullen","Countee LeRoy Porter"
"http://dbpedia.org/resource/Coventry_Patmore","Coventry Kersey Dighton Patmore"
"http://dbpedia.org/resource/Cyprian_Norwid","Cyprian Konstanty Norwid"
"http://dbpedia.org/resource/César_Vallejo","César Abraham Vallejo Mendoza"
"http://dbpedia.org/resource/Daniel_Berrigan","Daniel Joseph Berrigan"
"http://dbpedia.org/resource/Denis_Glover","Denis James Matthews Glover"
"http://dbpedia.org/resource/Dennis_Lee_(author)","Dennis Beynon Lee"
"http://dbpedia.org/resource/Derek_Walcott","Derek Alton Walcott"
"http://dbpedia.org/resource/Dositej_Obradović","Dimitrije Obradović"
"http://dbpedia.org/resource/Haki_R._Madhubuti","Don Luther Lee"
"http://dbpedia.org/resource/Donald_Davidson_(poet)","Donald Grady Davidson"
"http://dbpedia.org/resource/Dora_Greenwell","Dorothy Greenwell"
"http://dbpedia.org/resource/Dorothy_Wordsworth","Dorothy Mae Ann Wordsworth"
"http://dbpedia.org/resource/Charles_Simic","Dušan Simić"
"http://dbpedia.org/resource/Duško_Trifunović","Duško Trifunović"
"http://dbpedia.org/resource/Dylan_Thomas","Dylan Marlais Thomas"
"http://dbpedia.org/resource/Danilo_Kiš","Dániel Kiss"
"http://dbpedia.org/resource/Ivan_Gundulić","Dživo Franov Gundulić"
"http://dbpedia.org/resource/Earle_Birney","Earle Alfred Birney"
"http://dbpedia.org/resource/Eavan_Boland","Eavan Aisling Boland"
"http://dbpedia.org/resource/Edgar_Allan_Poe","Edgar Poe"
"http://dbpedia.org/resource/Edith_Sitwell","Edith Louisa Sitwell"
"http://dbpedia.org/resource/John_Millington_Synge","Edmund John Millington Synge"
"http://dbpedia.org/resource/Aleister_Crowley","Edward Alexander Crowley"
"http://dbpedia.org/resource/E._A._Markham","Edward Archibald Markham"
"http://dbpedia.org/resource/E._E._Cummings","Edward Estlin Cummings"
"http://dbpedia.org/resource/Reed_Whittemore","Edward Reed Whittemore, Jr."
"http://dbpedia.org/resource/E._J._Pratt","Edwin John Dove Pratt"
"http://dbpedia.org/resource/Eleanor_Farjeon","Eleanor Farjeon"
"http://dbpedia.org/resource/Elinor_Wylie","Elinor Morton Hoyt"
"http://dbpedia.org/resource/Betti_Alver","Elisabet Alver"
"http://dbpedia.org/resource/Bettina_von_Arnim","Elisabeth Catharina Ludovica Magdalena Brentano"
"http://dbpedia.org/resource/Else_Lasker-Schüler","Elisabeth Schüler"
"http://dbpedia.org/resource/Elizabeth_Akers_Allen","Elizabeth Anne Chase"
"http://dbpedia.org/resource/Libby_Houston","Elizabeth Maynard Houston"
"http://dbpedia.org/resource/Hedd_Wyn","Ellis Humphrey Evans"
"http://dbpedia.org/resource/E._B._White","Elwyn Brooks White"
"http://dbpedia.org/resource/Erich_Kästner","Emil Erich Kästner"
"http://dbpedia.org/resource/Ennis_Rees","Ennis Samuel Rees, Jr."
"http://dbpedia.org/resource/Erasmus_Darwin","Erasmus Robert Darwin"
"http://dbpedia.org/resource/Ernest_Dowson","Ernest Christopher Dowson"
"http://dbpedia.org/resource/Ernesto_Cardenal","Ernesto Cardenal Martínez"
"http://dbpedia.org/resource/Yerrapragada","Erranna Yerrana"
"http://dbpedia.org/resource/Bertolt_Brecht","Eugen Berthold Friedrich Brecht"
"http://dbpedia.org/resource/Kersti_Merilaas","Eugenie Moorberg"
"http://dbpedia.org/resource/Paul_Éluard","Eugène Émile Paul Grindel"
"http://dbpedia.org/resource/Amiri_Baraka","Everett Leroy Jones"
"http://dbpedia.org/resource/Fanny_Howe","Fanny Quincy Howe"
"http://dbpedia.org/resource/Federico_García_Lorca","Federico del Sagrado Corazón de Jesús García Lorca"
"http://dbpedia.org/resource/Fernando_Pessoa","Fernando António Nogueira Pessoa"
"http://dbpedia.org/resource/Claude_McKay","Festus Claudius McKay"
"http://dbpedia.org/resource/Florbela_Espanca","Flor Bela d'Alma da Conceição"
"http://dbpedia.org/resource/Ai_(poet)","Florence Anthony"
"http://dbpedia.org/resource/Forugh_Farrokhzad","Foroghzaman Farrokhzād Arraghi"
"http://dbpedia.org/resource/Petrarch","Francesco Petracco"
"http://dbpedia.org/resource/Francis_Webb_(poet)","Francis Charles Webb-Wagg"
"http://dbpedia.org/resource/F._R._Scott","Francis Reginald Scott"
"http://dbpedia.org/resource/Władysław_Orkan","Franciszek Ksawery Smaciarz"
"http://dbpedia.org/resource/Franciszka_Arnsztajnowa","Franciszka Hanna Meyerson"
"http://dbpedia.org/resource/Franz_Werfel","Franz Viktor Werfel"
"http://dbpedia.org/resource/Voltaire","François-Marie Arouet"
"http://dbpedia.org/resource/Ogden_Nash","Frederic Ogden Nash"
"http://dbpedia.org/resource/Louis_MacNeice","Frederick Louis MacNeice"
"http://dbpedia.org/resource/Blaise_Cendrars","Frédéric-Louis Sauser"
"http://dbpedia.org/resource/Lope_de_Vega","Félix Lope de Vega y Carpio"
"http://dbpedia.org/resource/Rubén_Darío","Félix Rubén García Sarmiento"
"http://dbpedia.org/resource/Dante_Gabriel_Rossetti","Gabriel Charles Dante Rossetti"
"http://dbpedia.org/resource/Gary_Soto","Gary Anthony Soto"
"http://dbpedia.org/resource/Gavin_Ewart","Gavin Buchanan Ewart"
"http://dbpedia.org/resource/Geoffrey_Grigson","Geoffrey Edward Harvey Grigson"
"http://dbpedia.org/resource/Geoffrey_Hill","Geoffrey William Hill"
"http://dbpedia.org/resource/Novalis","Georg Philipp Friedrich Freiherr von Hardenberg"
"http://dbpedia.org/resource/George_Bacovia","George Andone Vasiliu"
"http://dbpedia.org/resource/George_Starbuck","George Edwin Starbuck"
"http://dbpedia.org/resource/Lord_Byron","George Gordon Byron"
"http://dbpedia.org/resource/Robert_Conquest","George Robert Acworth Conquest"
"http://dbpedia.org/resource/Georges_Rodenbach","Georges Raymond Constantin Rodenbach"
"http://dbpedia.org/resource/Đura_Jakšić","Georgije Jakšić"
"http://dbpedia.org/resource/Gerhart_Hauptmann","Gerhart Johann Robert Hauptmann"
"http://dbpedia.org/resource/Jean_Garrigue","Gertrude Louise Garrigus"
"http://dbpedia.org/resource/Moeen_Nizami","Ghulam Moeen Ud Din"
"http://dbpedia.org/resource/Guru_Gobind_Singh","Gobind Rai"
"http://dbpedia.org/resource/Grace_Beacham_Freeman","Grace Beacham"
"http://dbpedia.org/resource/Grace_Paley","Grace Goodside"
"http://dbpedia.org/resource/Gregory_Corso","Gregory Nunzio Corso"
"http://dbpedia.org/resource/Ágnes_Gergely","Guttmann Ágnes"
"http://dbpedia.org/resource/Gwen_Harwood","Gwendoline Nessie Foster"
"http://dbpedia.org/resource/Gwendolyn_B._Bennett","Gwendolyn Bennett Bennett"
"http://dbpedia.org/resource/Gwendolyn_Brooks","Gwendolyn Elizabeth Brooks"
"http://dbpedia.org/resource/Gwendolyn_MacEwen","Gwendolyn Margaret MacEwen"
"http://dbpedia.org/resource/György_Faludy","György Bernát József Leimdörfer"
"http://dbpedia.org/resource/Gérard_de_Nerval","Gérard Labrunie"
"http://dbpedia.org/resource/Günter_Grass","Günter Wilhelm Graß"
"http://dbpedia.org/resource/Jean_Arp","Hans Peter Wilhelm Arp"
"http://dbpedia.org/resource/Harivansh_Rai_Bachchan","Harivansh Rai Srivastava"
"http://dbpedia.org/resource/Hart_Crane","Harold Hart Crane"
"http://dbpedia.org/resource/Heinrich_Heine","Harry Heine"
"http://dbpedia.org/resource/Weldon_Kees","Harry Weldon Kees"
"http://dbpedia.org/resource/Hedwig_Gorski","Hedwig Irene Gorski"
"http://dbpedia.org/resource/Charles_Bukowski","Heinrich Karl Bukowski"
"http://dbpedia.org/resource/Heinrich_Böll","Heinrich Theodor Böll"
"http://dbpedia.org/resource/Helen_von_Kolnitz_Hyer","Helen von Kolnitz"
"http://dbpedia.org/resource/Henry_Lawson","Henry Archibald Hertzberg Lawson"
"http://dbpedia.org/resource/Béla_Balázs","Herbert Béla Bauer"
"http://dbpedia.org/resource/Herbert_Read","Herbert Edward Read"
"http://dbpedia.org/resource/Herman_Melville","Herman Melvill"
"http://dbpedia.org/resource/H.D.","Hilda Doolittle"
"http://dbpedia.org/resource/Anne_Rice","Howard Allen Frances O'Brien"
"http://dbpedia.org/resource/Hristo_Botev","Hristo Botyov Petkov"
"http://dbpedia.org/resource/Hristo_Smirnenski","Hristo Izmirliev"
"http://dbpedia.org/resource/Hugo_Claus","Hugo Maurice Julien Claus"
"http://dbpedia.org/resource/Roy_Campbell_(poet)","Ignatius Royston Dunnachie Campbell"
"http://dbpedia.org/resource/Tudor_Arghezi","Ion Nae Theodorescu"
"http://dbpedia.org/resource/Joseph_Brodsky","Iosif Aleksandrovich Brodsky"
"http://dbpedia.org/resource/Allen_Ginsberg","Irwin Allen Ginsberg"
"http://dbpedia.org/resource/Ishmael_Reed","Ishmael Scott Reed"
"http://dbpedia.org/resource/Comte_de_Lautréamont","Isidore Lucien Ducasse"
"http://dbpedia.org/resource/Ivor_Gurney","Ivor Bertie Gurney"
"http://dbpedia.org/resource/Bella_Akhmadulina","Izabella Akhatovna Akhmadulina"
"http://dbpedia.org/resource/Sydor_Rey","Izydor Reiss"
"http://dbpedia.org/resource/Jaime_Sabines","Jaime Sabines Gutiérrez"
"http://dbpedia.org/resource/Jacobus_Revius","Jakob Reefsen"
"http://dbpedia.org/resource/James_Wright_(poet)","James Arlington Wright"
"http://dbpedia.org/resource/Jim_Carroll","James Dennis Carroll"
"http://dbpedia.org/resource/Jim_Morrison","James Douglas Morrison"
"http://dbpedia.org/resource/Jim_Harrison","James Harrison"
"http://dbpedia.org/resource/Leigh_Hunt","James Henry Leigh Hunt"
"http://dbpedia.org/resource/James_Merrill","James Ingram Merrill"
"http://dbpedia.org/resource/James_K._Baxter","James Keir Baxter"
"http://dbpedia.org/resource/J._K._Annand","James King Annand"
"http://dbpedia.org/resource/James_Dickey","James Lafayette Dickey"
"http://dbpedia.org/resource/James_Larkin_Pearson","James Larkin Pearson"
"http://dbpedia.org/resource/Langston_Hughes","James Mercer Langston Hughes"
"http://dbpedia.org/resource/James_Agee","James Rufus Agee"
"http://dbpedia.org/resource/James_Tate_(writer)","James Vincent Tate"
"http://dbpedia.org/resource/Yusef_Komunyakaa","James William Brown"
"http://dbpedia.org/resource/Jan_Neruda","Jan Nepomuk Neruda"
"http://dbpedia.org/resource/Jan_Brzechwa","Jan Wiktor Lesman"
"http://dbpedia.org/resource/Elizabeth_Roberts_MacDonald","Jane Elizabeth Gostwycke Roberts"
"http://dbpedia.org/resource/Jane_Wilde","Jane Francesca Agnes Elgee"
"http://dbpedia.org/resource/Janet_Frame","Janet Paterson Frame"
"http://dbpedia.org/resource/Jody_Azzouni","Jawad Azzouni"
"http://dbpedia.org/resource/Jean_Cocteau","Jean Maurice Eugène Clément Cocteau"
"http://dbpedia.org/resource/Arthur_Rimbaud","Jean Nicolas Arthur Rimbaud"
"http://dbpedia.org/resource/Molière","Jean-Baptiste Poquelin"
"http://dbpedia.org/resource/Jean_Racine","Jean-Baptiste Racine"
"http://dbpedia.org/resource/Jack_Kerouac","Jean-Louis Kérouac"
"http://dbpedia.org/resource/Jesse_Stuart","Jesse Hilton Stuart"
"http://dbpedia.org/resource/Guru_Ram_Das","Jetha Mal Sodhi"
"http://dbpedia.org/resource/Jibanananda_Das","Jibanananda Das"
"http://dbpedia.org/resource/Joan_Brossa","Joan Brossa i Cuervo"
"http://dbpedia.org/resource/Friedrich_Hölderlin","Johann Christian Friedrich Hölderlin"
"http://dbpedia.org/resource/Friedrich_Schiller","Johann Christoph Friedrich Schiller"
"http://dbpedia.org/resource/Johann_Wolfgang_von_Goethe","Johann Wolfgang Goethe"
"http://dbpedia.org/resource/John_Berryman","John Allyn Smith, Jr."
"http://dbpedia.org/resource/John_Betjeman","John Betjemann"
"http://dbpedia.org/resource/Anthony_Burgess","John Burgess Wilson"
"http://dbpedia.org/resource/Brion_Gysin","John Clifford Brian Gysin"
"http://dbpedia.org/resource/Heathcote_Williams","John Henley Heathcote-Williams"
"http://dbpedia.org/resource/John_Henry_Newman","John Henry Newman"
"http://dbpedia.org/resource/John_Updike","John Hoyer Updike"
"http://dbpedia.org/resource/John_Ashbery","John Lawrence Ashbery"
"http://dbpedia.org/resource/James_Reeves_(writer)","John Morris Reeves"
"http://dbpedia.org/resource/Robinson_Jeffers","John Robinson Jeffers"
"http://dbpedia.org/resource/Saunders_Lewis","John Saunders Lewis"
"http://dbpedia.org/resource/Jorge_Luis_Borges","Jorge Francisco Isidoro Luis Borges Acevedo"
"http://dbpedia.org/resource/Jorge_Guillén","Jorge Guillén Álvarez"
"http://dbpedia.org/resource/Jorie_Graham","Jorie Pepper"
"http://dbpedia.org/resource/Hilaire_Belloc","Joseph Hilaire Pierre René Belloc"
"http://dbpedia.org/resource/Joseph_Freiherr_von_Eichendorff","Joseph Karl Benedikt Freiherr (Baron) von Eichendorff"
"http://dbpedia.org/resource/Ford_Madox_Ford","Joseph Leopold Ford Hermann Madox Hueffer"
"http://dbpedia.org/resource/Rudyard_Kipling","Joseph Rudyard Kipling"
"http://dbpedia.org/resource/Josephine_D._Heard","Josephine Delphine Henderson"
"http://dbpedia.org/resource/José_Martí","José Julián Martí Pérez"
"http://dbpedia.org/resource/Jovan_Jovanović_Zmaj","Jovan Jovanović"
"http://dbpedia.org/resource/Judith_Wright","Judith Arundell Wright"
"http://dbpedia.org/resource/Judith_Ortiz_Cofer","Judith Ortiz"
"http://dbpedia.org/resource/Théophile_Gautier","Jules Théophile Gautier"
"http://dbpedia.org/resource/Juliusz_Słowacki","Juliusz Słowacki,"
"http://dbpedia.org/resource/June_Jordan","June Millicent Jordan"
"http://dbpedia.org/resource/Joseph_Conrad","Józef Teodor Konrad Korzeniowski"
"http://dbpedia.org/resource/Fleur_Adcock","Kareen Fleur Adcock"
"http://dbpedia.org/resource/Kathy_Acker","Karen Lehman"
"http://dbpedia.org/resource/Louise_Erdrich","Karen Louise Erdrich"
"http://dbpedia.org/resource/Karl_May","Karl Friedrich May"
"http://dbpedia.org/resource/Georg_Büchner","Karl Georg Büchner"
"http://dbpedia.org/resource/Oodgeroo_Noonuccal","Kathleen Jean Mary Ruska"
"http://dbpedia.org/resource/Kathleen_Raine","Kathleen Jessie Raine"
"http://dbpedia.org/resource/Kathryn_Stripling_Byer","Kathryn Stripling"
"http://dbpedia.org/resource/Kambar_(poet)","Kavichakravarthy Kamban"
"http://dbpedia.org/resource/Keith_Douglas","Keith Castellain Douglas"
"http://dbpedia.org/resource/Kelly_Cherry","Kelly Cherry"
"http://dbpedia.org/resource/Kendrick_Lamar","Kendrick Lamar Duckworth"
"http://dbpedia.org/resource/Keorapetse_Kgositsile","Keorapetse William Kgositsile"
"http://dbpedia.org/resource/Keri_Hulme","Kerry Ann Ruhi Hulme"
"http://dbpedia.org/resource/Kevin_Young_(poet)","Kevin Young"
"http://dbpedia.org/resource/Kim_Addonizio","Kim Addonizio"
"http://dbpedia.org/resource/Kingsley_Amis","Kingsley William Amis"
"http://dbpedia.org/resource/Kobayashi_Issa","Kobayashi Nobuyuki ("
"http://dbpedia.org/resource/Konstantin_Balmont","Konstantin Dmitrievich Balmont"
"http://dbpedia.org/resource/Konstanty_Ildefons_Gałczyński","Konstanty Ildefons Gałczyński"
"http://dbpedia.org/resource/Vyasa","Krishna Dvaipayana"
"http://dbpedia.org/resource/Lajos_Áprily","Lajos Jékely"
"http://dbpedia.org/resource/Laura_Riding","Laura Reichenthal"
"http://dbpedia.org/resource/Lawrence_Durrell","Lawrence George Durrell"
"http://dbpedia.org/resource/Lawrence_Ferlinghetti","Lawrence Monsanto Ferlinghetti"
"http://dbpedia.org/resource/Kamau_Brathwaite","Lawson Edward Brathwaite"
"http://dbpedia.org/resource/Laza_Kostić","Lazar Kostić"
"http://dbpedia.org/resource/Guru_Angad","Lehna"
"http://dbpedia.org/resource/Nelly_Sachs","Leonie Sachs"
"http://dbpedia.org/resource/Leopold_Staff","Leopold Staff"
"http://dbpedia.org/resource/Tupac_Shakur","Lesane Parish Crooks"
"http://dbpedia.org/resource/Jan_Lechoń","Leszek Józef Serafinowicz"
"http://dbpedia.org/resource/Lisa_Gluskin_Stonestreet","Lisa Gluskin"
"http://dbpedia.org/resource/Ljubivoje_Ršumović","Ljubivoje Ršumović"
"http://dbpedia.org/resource/Lorna_Goodison","Lorna Gaye Goodison"
"http://dbpedia.org/resource/Louis_Simpson","Louis Aston Marantz Simpson"
"http://dbpedia.org/resource/Louisa_Lawson","Louisa Albury"
"http://dbpedia.org/resource/L._S._Bevington","Louisa Sarah Bevington"
"http://dbpedia.org/resource/Louise_Glück","Louise Elisabeth Glück"
"http://dbpedia.org/resource/Gabriela_Mistral","Lucila de María del Perpetuo Socorro Godoy Alcayaga"
"http://dbpedia.org/resource/Władysław_Syrokomla","Ludwik Władysław Franciszek Kondratowicz"
"http://dbpedia.org/resource/Luis_Cernuda","Luis Cernuda Bidón"
"http://dbpedia.org/resource/Luis_de_Góngora","Luis de Argote y Góngora"
"http://dbpedia.org/resource/Luís_de_Camões","Luís Vaz de Camões"
"http://dbpedia.org/resource/Léonie_Adams","Léonie Fuller"
"http://dbpedia.org/resource/Micere_Githae_Mugo","Madeleine Micere Githae"
"http://dbpedia.org/resource/Michael_Madhusudan_Dutt","Madhusudan Dutt"
"http://dbpedia.org/resource/Angelico_Chavez","Manuel Ezequiel Chávez"
"http://dbpedia.org/resource/Maggie_Estep","Margaret Ann Estep"
"http://dbpedia.org/resource/Margaret_Atwood","Margaret Eleanor Atwood"
"http://dbpedia.org/resource/Rumer_Godden","Margaret Rumer Godden"
"http://dbpedia.org/resource/Maya_Angelou","Marguerite Annie Johnson"
"http://dbpedia.org/resource/Marguerite_Young","Marguerite Vivian Young"
"http://dbpedia.org/resource/Maria_Luise_Thurmair","Maria Luise Mumelter"
"http://dbpedia.org/resource/Maria_Konopnicka","Maria Wasiłowska"
"http://dbpedia.org/resource/Maria_Barrell","Maria Weylar"
"http://dbpedia.org/resource/Maria_White_Lowell","Maria White"
"http://dbpedia.org/resource/Wisława_Szymborska","Maria Wisława Anna Szymborska"
"http://dbpedia.org/resource/Marian_Hemar","Marian Hescheles"
"http://dbpedia.org/resource/Marie_Ponsot","Marie Birmingham"
"http://dbpedia.org/resource/Marina_Tsvetaeva","Marina Ivanovna Tsvetaeva"
"http://dbpedia.org/resource/Mario_Petrucci","Mario Petrucci"
"http://dbpedia.org/resource/Marion_Angus","Marion Angus"
"http://dbpedia.org/resource/Marjory_Heath_Wentworth","Marjory Heath"
"http://dbpedia.org/resource/Markus_Hediger","Markus Hediger"
"http://dbpedia.org/resource/George_Eliot","Mary Anne Evans"
"http://dbpedia.org/resource/Mary_Robinson_(poet)","Mary Darby"
"http://dbpedia.org/resource/Dulcie_Deamer","Mary Elizabeth Kathleen Dulcie Deamer"
"http://dbpedia.org/resource/Ursula_Bethell","Mary Ursula Bethell"
"http://dbpedia.org/resource/Rosalía_de_Castro","María Rosalía Rita de Castro"
"http://dbpedia.org/resource/Mathilde_Blind","Mathilde Cohen"
"http://dbpedia.org/resource/Matsuo_Bashō","Matsuo Kinsaku ("
"http://dbpedia.org/resource/Mattie_Stepanek","Matthew Joseph Thaddeus Stepanek"
"http://dbpedia.org/resource/Max_Ernst","Maximilian Maria Ernst"
"http://dbpedia.org/resource/Maxine_Kumin","Maxine Winokur"
"http://dbpedia.org/resource/Mehdi_Akhavan-Sales","Mehdi Akhavān Sāles"
"http://dbpedia.org/resource/Nâzım_Hikmet","Mehmed Nâzım"
"http://dbpedia.org/resource/Onat_Kutlar","Mehmet Arif Onat Kutlar"
"http://dbpedia.org/resource/Meta_Vaux_Warrick_Fuller","Meta Vaux Warrick"
"http://dbpedia.org/resource/Michaël_Slory","Michaël Arnoldus Slory"
"http://dbpedia.org/resource/Michelangelo","Michelangelo di Lodovico Buonarroti Simoni"
"http://dbpedia.org/resource/Miguel_Hernández","Miguel Hernández Gilabert"
"http://dbpedia.org/resource/Mihai_Eminescu","Mihail Eminovici"
"http://dbpedia.org/resource/Mikhail_Lermontov","Mikhail Yuryevich Lermontov"
"http://dbpedia.org/resource/Milton_Acorn","Milton James Rhode Acorn"
"http://dbpedia.org/resource/Ghalib","Mirza Asadullah Baig Khan"
"http://dbpedia.org/resource/Mieczysław_Jastrun","Mojsze Agatstein"
"http://dbpedia.org/resource/Ziya_Gökalp","Muhammad Ziya"
"http://dbpedia.org/resource/Musa_Cälil","Musa Mostafa ulı Cälilev"
"http://dbpedia.org/resource/Kannadasan","Muthiah"
"http://dbpedia.org/resource/Mário_de_Andrade","Mário Raul de Morais Andrade"
"http://dbpedia.org/resource/Naomi_Shihab_Nye","Naomi Shihab"
"http://dbpedia.org/resource/Tuli_Kupferberg","Naphtali Kupferberg"
"http://dbpedia.org/resource/Zygmunt_Krasiński","Napoleon Stanisław Adam Feliks Zygmunt Krasiński"
"http://dbpedia.org/resource/Jean_Toomer","Nathan Pinchback Toomer"
"http://dbpedia.org/resource/Natsume_Sōseki","Natsume Kin'nosuke"
"http://dbpedia.org/resource/Neal_Cassady","Neal Leon Cassady"
"http://dbpedia.org/resource/Nicanor_Parra","Nicanor Segundo Parra Sandoval"
"http://dbpedia.org/resource/Nick_Cave","Nicholas Edward Cave"
"http://dbpedia.org/resource/Nick_Toczek","Nicholas Toczek"
"http://dbpedia.org/resource/Norman_MacCaig","Norman Alexander McCaig"
"http://dbpedia.org/resource/Octavio_Paz","Octavio Paz Lozano"
"http://dbpedia.org/resource/Hovhannes_Shiraz","Onik Tadevosi Karapetyan"
"http://dbpedia.org/resource/Alter_Esselin","Orkeh Serebrenik"
"http://dbpedia.org/resource/Oscar_Wilde","Oscar Fingal"
"http://dbpedia.org/resource/Osip_Mandelstam","Osip Emilyevich Mandelstam"
"http://dbpedia.org/resource/Pam_Ayres","Pamela Ayres"
"http://dbpedia.org/resource/Parveen_Shakir","Parveen Shakir Syed"
"http://dbpedia.org/resource/Patrick_Pearse","Patrick Henry Pearse"
"http://dbpedia.org/resource/Paul_Celan","Paul Antschel"
"http://dbpedia.org/resource/Paul_Auster","Paul Benjamin Auster"
"http://dbpedia.org/resource/Ntozake_Shange","Paulette Linda Williams"
"http://dbpedia.org/resource/Pedro_Calderón_de_la_Barca","Pedro Calderón de la Barca y Barreda González de Henao Ruiz de Blasco y Riaño"
"http://dbpedia.org/resource/Percy_Bysshe_Shelley","Percy Bysshe Shelley"
"http://dbpedia.org/resource/Wyndham_Lewis","Percy Wyndham Lewis"
"http://dbpedia.org/resource/Peter_Orlovsky","Peter Anton Orlovsky"
"http://dbpedia.org/resource/Peter_Porter_(poet)","Peter Neville Frederick Porter"
"http://dbpedia.org/resource/Philip_Larkin","Philip Arthur Larkin"
"http://dbpedia.org/resource/Susanna_Roxman","Pia Susanna Ellinor Roxman"
"http://dbpedia.org/resource/Denise_Levertov","Priscilla Denise Levertoff"
"http://dbpedia.org/resource/Ovid","Publius Ovidius Naso"
"http://dbpedia.org/resource/Virgil","Publius Vergilius Maro"
"http://dbpedia.org/resource/Ennius","Quintus Ennius"
"http://dbpedia.org/resource/Horace","Quintus Horatius Flaccus"
"http://dbpedia.org/resource/Rabindranath_Tagore","Rabindranath Thakur"
"http://dbpedia.org/resource/Petar_II_Petrović-Njegoš","Radivoje Petrović"
"http://dbpedia.org/resource/Ralph_Chubb","Ralph Nicholas Chubb"
"http://dbpedia.org/resource/Tulsidas","Rambola Dubey"
"http://dbpedia.org/resource/Ramdhari_Singh_Dinkar","Ramdhari Singh"
"http://dbpedia.org/resource/Ravji_Patel","Ravji Chhotalal Patel"
"http://dbpedia.org/resource/Rebecca_Hammond_Lard","Rebecca Hammond"
"http://dbpedia.org/resource/Rainer_Maria_Rilke","René Karl Wilhelm Johann Josef Maria Rilke"
"http://dbpedia.org/resource/Pablo_Neruda","Ricardo Eliécer Neftalí Reyes Basoalto"
"http://dbpedia.org/resource/Richard_Hugo","Richard Franklin Hogan"
"http://dbpedia.org/resource/Richard_Eberhart","Richard Ghormley Eberhart"
"http://dbpedia.org/resource/Richard_Wilbur","Richard Purdy Wilbur"
"http://dbpedia.org/resource/Dick_Allen_(poet)","Richard Stanley Allen"
"http://dbpedia.org/resource/Rita_Dove","Rita Frances Dove"
"http://dbpedia.org/resource/Bob_Dylan","Robert Allen Zimmerman"
"http://dbpedia.org/resource/Robert_Bly","Robert Elwood Bly"
"http://dbpedia.org/resource/Bob_Kaufman","Robert Garnell Kaufman"
"http://dbpedia.org/resource/Laurence_Binyon","Robert Laurence Binyon"
"http://dbpedia.org/resource/Robbie_Coburn","Robert Lee Coburn"
"http://dbpedia.org/resource/Robert_Frost","Robert Lee Frost"
"http://dbpedia.org/resource/Robert_Louis_Stevenson","Robert Lewis Balfour Stevenson"
"http://dbpedia.org/resource/Robert_Bridges","Robert Seymour Bridges"
"http://dbpedia.org/resource/Robert_Lowell","Robert Traill Spence Lowell IV"
"http://dbpedia.org/resource/Roger_McGough","Roger Joseph McGough"
"http://dbpedia.org/resource/Ron_Allen_(playwright)","Ronald Allen"
"http://dbpedia.org/resource/R._S._Thomas","Ronald Stuart Thomas"
"http://dbpedia.org/resource/Roque_Dalton","Roque Antonio Dalton García"
"http://dbpedia.org/resource/Lola_Ridge","Rose Emily Ridge"
"http://dbpedia.org/resource/Rosmarie_Waldrop","Rosmarie Sebald"
"http://dbpedia.org/resource/Rupert_Brooke","Rupert Chawner Brooke"
"http://dbpedia.org/resource/Tristan_Tzara","Samuel (Samy) Rosenstock"
"http://dbpedia.org/resource/Sam_Hunt_(poet)","Samuel Percival Maitland Hunt"
"http://dbpedia.org/resource/Sam_Ragan","Samuel Talmadge Ragan"
"http://dbpedia.org/resource/Źmitrok_Biadula","Samuil Jafimavič Płaŭnik"
"http://dbpedia.org/resource/Sara_Teasdale","Sarah Trevor Teasdale"
"http://dbpedia.org/resource/Selima_Hill","Seilima Wood"
"http://dbpedia.org/resource/Josh_Malihabadi","Shabbir Hasan Khan"
"http://dbpedia.org/resource/Sharon_Olds","Sharon Stuart Cobb"
"http://dbpedia.org/resource/Shel_Silverstein","Sheldon Allan Silverstein"
"http://dbpedia.org/resource/Shirley_Kaufman","Shirley Kaufman Daleski"
"http://dbpedia.org/resource/Sidney_Keyes","Sidney Arthur Kilworth Keyes"
"http://dbpedia.org/resource/Siegfried_Sassoon","Siegfried Loraine Sassoon"
"http://dbpedia.org/resource/Sjón","Sigurjón Birgir Sigurðsson"
"http://dbpedia.org/resource/Sima_Milutinović_Sarajlija","Simeon Milutinović"
"http://dbpedia.org/resource/Simon_Armitage","Simon Robert Armitage"
"http://dbpedia.org/resource/Stanisław_Wyspiański","Stanisław Mateusz Ignacy Wyspiański"
"http://dbpedia.org/resource/Stanley_Kunitz","Stanley Jasspon Kunitz"
"http://dbpedia.org/resource/Miller_Williams","Stanley Miller Williams"
"http://dbpedia.org/resource/Stan_Rice","Stanley Travis Rice Jr."
"http://dbpedia.org/resource/Vahni_Capildeo","Surya Vahni Priya Capildeo"
"http://dbpedia.org/resource/Sue_Lenier","Susan Jennifer Lenier"
"http://dbpedia.org/resource/Ahmad_Faraz","Syed Ahmad Shah Ali"
"http://dbpedia.org/resource/Sándor_Márai","Sándor Károly Henrik Grosschmid de Mára"
"http://dbpedia.org/resource/Sándor_Weöres","Sándor Weöres"
"http://dbpedia.org/resource/Tadeusz_Boy-Żeleński","Tadeusz Kamil Marcjan Żeleński"
"http://dbpedia.org/resource/Jacquie_Sturm","Te Kare Papuni"
"http://dbpedia.org/resource/Raipiyel_Tennakoon","Tennakoon Arachchige Don Raphael"
"http://dbpedia.org/resource/Spike_Milligan","Terence Alan Milligan"
"http://dbpedia.org/resource/Neyzen_Tevfik","Tevfik Kolaylı"
"http://dbpedia.org/resource/Lucille_Clifton","Thelma Lucille Sayles"
"http://dbpedia.org/resource/Dr._Seuss","Theodor Seuss Geisel"
"http://dbpedia.org/resource/Theodore_Roethke","Theodore Huebner Roethke"
"http://dbpedia.org/resource/Wilson_Harris","Theodore Wilson Harris"
"http://dbpedia.org/resource/Allen_Curnow","Thomas Allen Monro Curnow"
"http://dbpedia.org/resource/Thomas_Edward_Brown","Thomas Edward Brown"
"http://dbpedia.org/resource/Thomas_M._Disch","Thomas Michael Disch"
"http://dbpedia.org/resource/Tom_Raworth","Thomas Moore Raworth"
"http://dbpedia.org/resource/Thomas_Lux","Thomas Norman Lux"
"http://dbpedia.org/resource/T._S._Eliot","Thomas Stearns Eliot"
"http://dbpedia.org/resource/Thomas_Wyatt_(poet)","Thomas Wyatt"
"http://dbpedia.org/resource/Tobias_Smollett","Tobias George Smollett"
"http://dbpedia.org/resource/Toi_Derricotte","Toinette Webster"
"http://dbpedia.org/resource/Guru_Tegh_Bahadur","Tyag Mal"
"http://dbpedia.org/resource/Kálmán_Tóth_(poet)","Tóth Kálmán"
"http://dbpedia.org/resource/Umberto_Saba","Umberto Poli"
"http://dbpedia.org/resource/U._A._Fanthorpe","Ursula Askham Fanthorpe"
"http://dbpedia.org/resource/Vahan_Terian","Vahan Teryan"
"http://dbpedia.org/resource/Veturi","Veturi Sundararama Murthy"
"http://dbpedia.org/resource/Vicente_Huidobro","Vicente García-Huidobro Fernández"
"http://dbpedia.org/resource/Vicente_Aleixandre","Vicente Pío Marcelino Cirilo Aleixandre y Merlo"
"http://dbpedia.org/resource/Victor_Hugo","Victor-Marie Hugo"
"http://dbpedia.org/resource/Viggo_Mortensen","Viggo Peter Mortensen Jr."
"http://dbpedia.org/resource/Violet_Jacob","Violet Augusta Mary Frederica Kennedy-Erskine"
"http://dbpedia.org/resource/Clive_James","Vivian Leopold James"
"http://dbpedia.org/resource/Vladimir_Mayakovsky","Vladimir Vladimirovich Mayakovsky"
"http://dbpedia.org/resource/David_Jones_(artist-poet)","Walter David Jones"
"http://dbpedia.org/resource/Walter_de_la_Mare","Walter John de la Mare"
"http://dbpedia.org/resource/Walt_Whitman","Walter Whitman"
"http://dbpedia.org/resource/Bruno_Jasieński","Wiktor Zysman"
"http://dbpedia.org/resource/Wilfred_Owen","Wilfred Edward Salter Owen"
"http://dbpedia.org/resource/Guillaume_Apollinaire","Wilhelm Albert Włodzimierz Apolinary Kostrowicki"
"http://dbpedia.org/resource/Bliss_Carman","William Bliss Carman"
"http://dbpedia.org/resource/William_Stafford_(poet)","William Edgar Stafford"
"http://dbpedia.org/resource/W._E._B._Du_Bois","William Edward Burghardt Du Bois"
"http://dbpedia.org/resource/Bill_Bissett","William Frederick Bissett"
"http://dbpedia.org/resource/William_Henry_Drummond","William Henry Drumm"
"http://dbpedia.org/resource/Billy_Collins","William James Collins"
"http://dbpedia.org/resource/William_S._Burroughs","William Seward Burroughs II"
"http://dbpedia.org/resource/W._S._Merwin","William Stanley Merwin"
"http://dbpedia.org/resource/Sonia_Sanchez","Wilsonia Benita Driver"
"http://dbpedia.org/resource/W._H._Auden","Wystan Hugh Auden"
"http://dbpedia.org/resource/Xin_Qiji","Xin Qiji"
"http://dbpedia.org/resource/Yevgeny_Yevtushenko","Yevgeny Aleksandrovich Gangnus"
"http://dbpedia.org/resource/Nikki_Giovanni","Yolande Cornelia Giovanni Jr."
"http://dbpedia.org/resource/Hai_Zi","Zha Haisheng"
"http://dbpedia.org/resource/Zinaida_Gippius","Zinaida Nikolayevna Gippius"
"http://dbpedia.org/resource/Zuzanna_Ginczanka","Zuzanna Polina Gincburg"
"http://dbpedia.org/resource/Stéphane_Mallarmé","Étienne Mallarmé"
"http://dbpedia.org/resource/Ğabdulla_Tuqay","Ğabdulla Möxämmätğärif uğlı Tuqayev"
"http://dbpedia.org/resource/Jūkichi_Yagi","八木 重吉"
