"http://dbpedia.org/resource/Lucan",0039-11-03
"http://dbpedia.org/resource/Mei_Yaochen",1002-05-31
"http://dbpedia.org/resource/Ouyang_Xiu",1007-08-01
"http://dbpedia.org/resource/Su_Shi",1037-01-08
"http://dbpedia.org/resource/William_IX,_Duke_of_Aquitaine",1071-10-22
"http://dbpedia.org/resource/Xin_Qiji",1140-05-28
"http://dbpedia.org/resource/Rumi",1207-09-30
"http://dbpedia.org/resource/Petrarch",1304-07-20
"http://dbpedia.org/resource/Giovanni_Boccaccio",1313-06-16
"http://dbpedia.org/resource/Ludovico_Ariosto",1474-09-08
"http://dbpedia.org/resource/Michelangelo",1475-03-06
"http://dbpedia.org/resource/Guru_Amar_Das",1479-05-05
"http://dbpedia.org/resource/Andrzej_Krzycki",1482-07-07
"http://dbpedia.org/resource/Guru_Angad",1504-03-31
"http://dbpedia.org/resource/Mikołaj_Rej",1505-02-04
"http://dbpedia.org/resource/Thomas_Vaux,_2nd_Baron_Vaux_of_Harrowden",1509-04-25
"http://dbpedia.org/resource/Pierre_de_Ronsard",1524-09-11
"http://dbpedia.org/resource/Guru_Ram_Das",1534-09-24
"http://dbpedia.org/resource/Barnabe_Googe",1540-06-11
"http://dbpedia.org/resource/John_of_the_Cross",1542-06-24
"http://dbpedia.org/resource/Torquato_Tasso",1544-03-11
"http://dbpedia.org/resource/Edward_de_Vere,_17th_Earl_of_Oxford",1550-04-12
"http://dbpedia.org/resource/Fulke_Greville,_1st_Baron_Brooke",1554-10-03
"http://dbpedia.org/resource/Philip_Sidney",1554-11-30
"http://dbpedia.org/resource/Luis_de_Góngora",1561-07-11
"http://dbpedia.org/resource/Mary_Sidney",1561-10-27
"http://dbpedia.org/resource/Mark_Alexander_Boyd",1562-01-13
"http://dbpedia.org/resource/Lope_de_Vega",1562-11-25
"http://dbpedia.org/resource/Guru_Arjan",1563-04-15
"http://dbpedia.org/resource/Christopher_Marlowe",1564-02-26
"http://dbpedia.org/resource/John_Donne",1572-01-22
"http://dbpedia.org/resource/William_Drummond_of_Hawthornden",1585-12-13
"http://dbpedia.org/resource/Joost_van_den_Vondel",1587-11-17
"http://dbpedia.org/resource/George_Wither",1588-06-11
"http://dbpedia.org/resource/Ivan_Gundulić",1589-01-08
"http://dbpedia.org/resource/Robert_Herrick_(poet)",1591-08-24
"http://dbpedia.org/resource/August_Buchner",1591-11-02
"http://dbpedia.org/resource/Henry_King_(poet)",1592-01-16
"http://dbpedia.org/resource/George_Herbert",1593-04-03
"http://dbpedia.org/resource/Jean_Chapelain",1595-12-04
"http://dbpedia.org/resource/Pedro_Calderón_de_la_Barca",1600-01-17
"http://dbpedia.org/resource/Edmund_Waller",1606-03-03
"http://dbpedia.org/resource/William_Davenant",1606-03-03
"http://dbpedia.org/resource/Paul_Gerhardt",1607-03-12
"http://dbpedia.org/resource/John_Milton",1608-12-09
"http://dbpedia.org/resource/John_Suckling_(poet)",1609-02-10
"http://dbpedia.org/resource/William_Cartwright_(dramatist)",1611-09-01
"http://dbpedia.org/resource/Anne_Bradstreet",1612-03-20
"http://dbpedia.org/resource/Richard_Lovelace_(poet)",1617-12-09
"http://dbpedia.org/resource/Miklós_Zrínyi",1620-01-05
"http://dbpedia.org/resource/Andrew_Marvell",1621-03-31
"http://dbpedia.org/resource/Henry_Vaughan",1621-04-17
"http://dbpedia.org/resource/Guru_Tegh_Bahadur",1621-04-21
"http://dbpedia.org/resource/Molière",1622-01-15
"http://dbpedia.org/resource/Charles_Cotton",1630-04-28
"http://dbpedia.org/resource/John_Dryden",1631-08-19
"http://dbpedia.org/resource/Nicolas_Boileau-Despréaux",1636-11-01
"http://dbpedia.org/resource/Jean_Racine",1639-12-21
"http://dbpedia.org/resource/Stanisław_Herakliusz_Lubomirski",1642-03-04
"http://dbpedia.org/resource/John_Wilmot,_2nd_Earl_of_Rochester",1647-04-01
"http://dbpedia.org/resource/István_Koháry",1649-03-12
"http://dbpedia.org/resource/Richard_Duke",1658-06-13
"http://dbpedia.org/resource/Charles_Montagu,_1st_Earl_of_Halifax",1661-04-16
"http://dbpedia.org/resource/Guru_Gobind_Singh",1666-12-22
"http://dbpedia.org/resource/Jonathan_Swift",1667-11-30
"http://dbpedia.org/resource/Colley_Cibber",1671-11-06
"http://dbpedia.org/resource/Joseph_Addison",1672-05-01
"http://dbpedia.org/resource/Nicholas_Rowe_(writer)",1674-06-20
"http://dbpedia.org/resource/Isaac_Watts",1674-07-17
"http://dbpedia.org/resource/Allan_Ramsay_(poet)",1684-10-15
"http://dbpedia.org/resource/John_Gay",1685-06-30
"http://dbpedia.org/resource/Voltaire",1694-11-21
"http://dbpedia.org/resource/Henry_Fielding",1707-04-22
"http://dbpedia.org/resource/Charles_Wesley",1707-12-18
"http://dbpedia.org/resource/George_Lyttelton,_1st_Baron_Lyttelton",1709-01-17
"http://dbpedia.org/resource/Samuel_Johnson",1709-09-18
"http://dbpedia.org/resource/Alison_Cockburn",1712-10-08
"http://dbpedia.org/resource/William_Shenstone",1714-11-18
"http://dbpedia.org/resource/Richard_Graves",1715-05-04
"http://dbpedia.org/resource/Yuan_Mei",1716-03-25
"http://dbpedia.org/resource/Thomas_Gray",1716-12-26
"http://dbpedia.org/resource/Elizabeth_Carter",1717-12-16
"http://dbpedia.org/resource/Tobias_Smollett",1721-03-19
"http://dbpedia.org/resource/Mark_Akenside",1721-11-09
"http://dbpedia.org/resource/William_Collins_(poet)",1721-12-25
"http://dbpedia.org/resource/Christopher_Smart",1722-04-11
"http://dbpedia.org/resource/Friedrich_Gottlieb_Klopstock",1724-07-02
"http://dbpedia.org/resource/Thomas_Warton",1728-01-09
"http://dbpedia.org/resource/Oliver_Goldsmith",1728-11-10
"http://dbpedia.org/resource/Gotthold_Ephraim_Lessing",1729-01-22
"http://dbpedia.org/resource/William_Cowper",1731-11-26
"http://dbpedia.org/resource/Erasmus_Darwin",1731-12-12
"http://dbpedia.org/resource/Adam_Naruszewicz",1733-10-20
"http://dbpedia.org/resource/Ignacy_Krasicki",1735-02-03
"http://dbpedia.org/resource/James_Macpherson",1736-10-27
"http://dbpedia.org/resource/Dositej_Obradović",1739-02-17
"http://dbpedia.org/resource/Matthias_Claudius",1740-08-15
"http://dbpedia.org/resource/Anna_Laetitia_Barbauld",1743-06-20
"http://dbpedia.org/resource/Johann_Gottfried_Herder",1744-08-25
"http://dbpedia.org/resource/Hector_Macneill",1746-10-22
"http://dbpedia.org/resource/Józef_Wybicki",1747-09-29
"http://dbpedia.org/resource/Charlotte_Smith_(writer)",1749-05-04
"http://dbpedia.org/resource/Johann_Wolfgang_von_Goethe",1749-08-28
"http://dbpedia.org/resource/Robert_Fergusson",1750-09-05
"http://dbpedia.org/resource/Thomas_Chatterton",1752-11-20
"http://dbpedia.org/resource/George_Crabbe",1754-12-24
"http://dbpedia.org/resource/Mary_Robinson_(poet)",1757-11-27
"http://dbpedia.org/resource/William_Blake",1757-11-28
"http://dbpedia.org/resource/Julian_Ursyn_Niemcewicz",1758-02-06
"http://dbpedia.org/resource/Robert_Burns",1759-01-25
"http://dbpedia.org/resource/Friedrich_Schiller",1759-11-10
"http://dbpedia.org/resource/Leandro_Fernández_de_Moratín",1760-03-10
"http://dbpedia.org/resource/Luke_Booker",1762-10-20
"http://dbpedia.org/resource/Kobayashi_Issa",1763-06-15
"http://dbpedia.org/resource/Samuel_Rogers",1763-07-30
"http://dbpedia.org/resource/Nguyễn_Du",1765-01-03
"http://dbpedia.org/resource/Anne_Bannerman",1765-10-31
"http://dbpedia.org/resource/Robert_Bloomfield",1766-12-03
"http://dbpedia.org/resource/Ernst_Moritz_Arndt",1769-12-26
"http://dbpedia.org/resource/Friedrich_Hölderlin",1770-03-20
"http://dbpedia.org/resource/William_Wordsworth",1770-04-07
"http://dbpedia.org/resource/James_Hogg",1770-12-09
"http://dbpedia.org/resource/Walter_Scott",1771-08-15
"http://dbpedia.org/resource/Dorothy_Wordsworth",1771-12-25
"http://dbpedia.org/resource/Rebecca_Hammond_Lard",1772-03-07
"http://dbpedia.org/resource/Novalis",1772-05-02
"http://dbpedia.org/resource/Samuel_Taylor_Coleridge",1772-10-21
"http://dbpedia.org/resource/Ludwig_Tieck",1773-05-31
"http://dbpedia.org/resource/Robert_Southey",1774-08-12
"http://dbpedia.org/resource/Walter_Savage_Landor",1775-01-30
"http://dbpedia.org/resource/Charles_Lamb",1775-02-10
"http://dbpedia.org/resource/Lukijan_Mušicki",1777-01-27
"http://dbpedia.org/resource/Thomas_Campbell_(poet)",1777-07-27
"http://dbpedia.org/resource/Hendrik_Doeff",1777-12-02
"http://dbpedia.org/resource/Ugo_Foscolo",1778-02-06
"http://dbpedia.org/resource/Clemens_Brentano",1778-09-09
"http://dbpedia.org/resource/Thomas_Moore",1779-05-28
"http://dbpedia.org/resource/Washington_Allston",1779-11-05
"http://dbpedia.org/resource/N._F._S._Grundtvig",1783-09-08
"http://dbpedia.org/resource/Jane_Taylor_(poet)",1783-09-23
"http://dbpedia.org/resource/Bernard_Barton",1784-01-31
"http://dbpedia.org/resource/Denis_Davydov",1784-07-27
"http://dbpedia.org/resource/Leigh_Hunt",1784-10-19
"http://dbpedia.org/resource/Alessandro_Manzoni",1785-03-07
"http://dbpedia.org/resource/Bettina_von_Arnim",1785-04-04
"http://dbpedia.org/resource/Thomas_Love_Peacock",1785-10-18
"http://dbpedia.org/resource/Bryan_Procter",1787-11-21
"http://dbpedia.org/resource/Lord_Byron",1788-01-22
"http://dbpedia.org/resource/Joseph_Freiherr_von_Eichendorff",1788-03-10
"http://dbpedia.org/resource/Friedrich_Rückert",1788-05-16
"http://dbpedia.org/resource/Anders_Abraham_Grafström",1790-01-10
"http://dbpedia.org/resource/Alphonse_de_Lamartine",1790-10-21
"http://dbpedia.org/resource/Franz_Grillparzer",1791-01-15
"http://dbpedia.org/resource/Sima_Milutinović_Sarajlija",1791-10-03
"http://dbpedia.org/resource/Percy_Bysshe_Shelley",1792-08-04
"http://dbpedia.org/resource/Antoni_Malczewski",1793-06-03
"http://dbpedia.org/resource/Aleksander_Fredro",1793-06-20
"http://dbpedia.org/resource/John_Clare",1793-07-13
"http://dbpedia.org/resource/John_Neal_(writer)",1793-08-25
"http://dbpedia.org/resource/Felicia_Hemans",1793-09-25
"http://dbpedia.org/resource/William_Cullen_Bryant",1794-11-03
"http://dbpedia.org/resource/John_Keats",1795-10-31
"http://dbpedia.org/resource/Hartley_Coleridge",1796-09-19
"http://dbpedia.org/resource/Annette_von_Droste-Hülshoff",1797-01-10
"http://dbpedia.org/resource/Alfred_de_Vigny",1797-03-27
"http://dbpedia.org/resource/Heinrich_Heine",1797-12-13
"http://dbpedia.org/resource/Ghalib",1797-12-27
"http://dbpedia.org/resource/Giacomo_Leopardi",1798-06-29
"http://dbpedia.org/resource/Adam_Mickiewicz",1798-12-24
"http://dbpedia.org/resource/Thomas_Hood",1799-05-23
"http://dbpedia.org/resource/Alexander_Pushkin",1799-06-06
"http://dbpedia.org/resource/Amos_Bronson_Alcott",1799-11-29
"http://dbpedia.org/resource/Henry_Taylor_(dramatist)",1800-10-18
"http://dbpedia.org/resource/Anton_Martin_Slomšek",1800-11-26
"http://dbpedia.org/resource/France_Prešeren",1800-12-03
"http://dbpedia.org/resource/Gergely_Czuczor",1800-12-17
"http://dbpedia.org/resource/John_Henry_Newman",1801-02-21
"http://dbpedia.org/resource/William_Barnes",1801-02-22
"http://dbpedia.org/resource/Józef_Bohdan_Zaleski",1802-02-14
"http://dbpedia.org/resource/Victor_Hugo",1802-02-26
"http://dbpedia.org/resource/Letitia_Elizabeth_Landon",1802-08-14
"http://dbpedia.org/resource/Ralph_Waldo_Emerson",1803-05-25
"http://dbpedia.org/resource/Thomas_Lovell_Beddoes",1803-06-30
"http://dbpedia.org/resource/Johan_Ludvig_Runeberg",1804-02-05
"http://dbpedia.org/resource/Eduard_Mörike",1804-09-08
"http://dbpedia.org/resource/Hans_Christian_Andersen",1805-04-02
"http://dbpedia.org/resource/William_Saunders_(poet)",1806-01-17
"http://dbpedia.org/resource/Henry_Wadsworth_Longfellow",1807-02-27
"http://dbpedia.org/resource/Wincenty_Pol",1807-04-20
"http://dbpedia.org/resource/John_Greenleaf_Whittier",1807-12-17
"http://dbpedia.org/resource/Caroline_Norton",1808-03-22
"http://dbpedia.org/resource/Gérard_de_Nerval",1808-05-22
"http://dbpedia.org/resource/Charles_Tennyson_Turner",1808-07-04
"http://dbpedia.org/resource/Lucretia_Maria_Davidson",1808-09-27
"http://dbpedia.org/resource/Edgar_Allan_Poe",1809-01-19
"http://dbpedia.org/resource/Edward_FitzGerald_(poet)",1809-03-31
"http://dbpedia.org/resource/Alfred,_Lord_Tennyson",1809-08-06
"http://dbpedia.org/resource/Juliusz_Słowacki",1809-09-04
"http://dbpedia.org/resource/Alfred_de_Musset",1810-12-11
"http://dbpedia.org/resource/Théophile_Gautier",1811-08-30
"http://dbpedia.org/resource/Zygmunt_Krasiński",1812-02-19
"http://dbpedia.org/resource/Robert_Browning",1812-05-07
"http://dbpedia.org/resource/Edward_Lear",1812-05-12
"http://dbpedia.org/resource/Bertalan_Szemere",1812-08-27
"http://dbpedia.org/resource/Charles_Harpur",1813-01-23
"http://dbpedia.org/resource/Søren_Kierkegaard",1813-05-05
"http://dbpedia.org/resource/Georg_Büchner",1813-10-17
"http://dbpedia.org/resource/Frederick_William_Faber",1814-06-28
"http://dbpedia.org/resource/Gottfried_Kinkel",1815-08-11
"http://dbpedia.org/resource/Frances_Browne",1816-01-16
"http://dbpedia.org/resource/Charlotte_Brontë",1816-04-21
"http://dbpedia.org/resource/János_Arany",1817-03-02
"http://dbpedia.org/resource/Henry_David_Thoreau",1817-07-12
"http://dbpedia.org/resource/Theodor_Storm",1817-09-14
"http://dbpedia.org/resource/Petar_Preradović",1818-03-19
"http://dbpedia.org/resource/Emily_Brontë",1818-07-30
"http://dbpedia.org/resource/Leconte_de_Lisle",1818-10-22
"http://dbpedia.org/resource/Arthur_Hugh_Clough",1819-01-01
"http://dbpedia.org/resource/James_Russell_Lowell",1819-02-22
"http://dbpedia.org/resource/Narcyza_Żmichowska",1819-03-04
"http://dbpedia.org/resource/Walt_Whitman",1819-05-31
"http://dbpedia.org/resource/Herman_Melville",1819-08-01
"http://dbpedia.org/resource/Mihály_Tompa",1819-09-28
"http://dbpedia.org/resource/George_Eliot",1819-11-22
"http://dbpedia.org/resource/Theodor_Fontane",1819-12-30
"http://dbpedia.org/resource/Anne_Brontë",1820-01-17
"http://dbpedia.org/resource/Dalpatram",1820-01-21
"http://dbpedia.org/resource/Apollo_Korzeniowski",1820-02-21
"http://dbpedia.org/resource/Florence_Nightingale",1820-05-12
"http://dbpedia.org/resource/Charles_Baudelaire",1821-04-09
"http://dbpedia.org/resource/Charlotte_Maria_Tucker",1821-05-02
"http://dbpedia.org/resource/Maria_White_Lowell",1821-07-08
"http://dbpedia.org/resource/Vasile_Alecsandri",1821-07-21
"http://dbpedia.org/resource/Cyprian_Norwid",1821-09-24
"http://dbpedia.org/resource/Dora_Greenwell",1821-12-06
"http://dbpedia.org/resource/Jane_Wilde",1821-12-27
"http://dbpedia.org/resource/Matthew_Arnold",1822-12-24
"http://dbpedia.org/resource/Coventry_Patmore",1823-07-23
"http://dbpedia.org/resource/Władysław_Syrokomla",1823-09-29
"http://dbpedia.org/resource/John_Reuben_Thompson",1823-10-23
"http://dbpedia.org/resource/Michael_Madhusudan_Dutt",1824-01-25
"http://dbpedia.org/resource/William_Allingham",1824-03-19
"http://dbpedia.org/resource/Branko_Radičević",1824-03-28
"http://dbpedia.org/resource/George_MacDonald",1824-12-10
"http://dbpedia.org/resource/Octave_Crémazie",1827-04-16
"http://dbpedia.org/resource/János_Vajda_(poet)",1827-05-07
"http://dbpedia.org/resource/Goffredo_Mameli",1827-09-05
"http://dbpedia.org/resource/Petko_Slaveykov",1827-11-17
"http://dbpedia.org/resource/George_Meredith",1828-02-12
"http://dbpedia.org/resource/Dante_Gabriel_Rossetti",1828-05-12
"http://dbpedia.org/resource/Milica_Stojadinović-Srpkinja",1828-07-06
"http://dbpedia.org/resource/Silas_Weir_Mitchell_(physician)",1829-02-15
"http://dbpedia.org/resource/Thomas_Edward_Brown",1830-05-05
"http://dbpedia.org/resource/Christina_Rossetti",1830-12-05
"http://dbpedia.org/resource/Emily_Dickinson",1830-12-10
"http://dbpedia.org/resource/Savitribai_Phule",1831-01-03
"http://dbpedia.org/resource/Lewis_Carroll",1832-01-27
"http://dbpedia.org/resource/Đura_Jakšić",1832-07-27
"http://dbpedia.org/resource/Elizabeth_Akers_Allen",1832-10-09
"http://dbpedia.org/resource/Úrsula_Céspedes",1832-10-21
"http://dbpedia.org/resource/Benjamin_Paul_Blood",1832-11-21
"http://dbpedia.org/resource/Adam_Lindsay_Gordon",1833-10-19
"http://dbpedia.org/resource/Jovan_Jovanović_Zmaj",1833-11-24
"http://dbpedia.org/resource/William_Morris",1834-03-24
"http://dbpedia.org/resource/Jan_Neruda",1834-07-10
"http://dbpedia.org/resource/Tom_Hood",1835-01-19
"http://dbpedia.org/resource/Atala_Kisfaludy",1836-04-06
"http://dbpedia.org/resource/Rosalía_de_Castro",1837-02-23
"http://dbpedia.org/resource/Algernon_Charles_Swinburne",1837-04-05
"http://dbpedia.org/resource/Charlotte_Forten_Grimké",1837-08-17
"http://dbpedia.org/resource/Joaquin_Miller",1837-09-08
"http://dbpedia.org/resource/Addie_L._Ballou",1838-04-29
"http://dbpedia.org/resource/Adam_Asnyk",1838-09-11
"http://dbpedia.org/resource/Louis-Honoré_Fréchette",1839-11-16
"http://dbpedia.org/resource/Thomas_Hardy",1840-06-02
"http://dbpedia.org/resource/Wilfrid_Scawen_Blunt",1840-08-17
"http://dbpedia.org/resource/Laza_Kostić",1841-02-12
"http://dbpedia.org/resource/Mathilde_Blind",1841-03-21
"http://dbpedia.org/resource/Robert_Williams_Buchanan",1841-08-18
"http://dbpedia.org/resource/Karl_May",1842-02-25
"http://dbpedia.org/resource/Stéphane_Mallarmé",1842-03-18
"http://dbpedia.org/resource/Maria_Konopnicka",1842-05-23
"http://dbpedia.org/resource/Henry_Abbey",1842-07-11
"http://dbpedia.org/resource/Charles_Cros",1842-10-01
"http://dbpedia.org/resource/Paul_Verlaine",1844-03-30
"http://dbpedia.org/resource/Anatole_France",1844-04-16
"http://dbpedia.org/resource/Gerard_Manley_Hopkins",1844-07-28
"http://dbpedia.org/resource/Friedrich_Nietzsche",1844-10-15
"http://dbpedia.org/resource/Robert_Bridges",1844-10-23
"http://dbpedia.org/resource/L._S._Bevington",1845-05-14
"http://dbpedia.org/resource/Jacint_Verdaguer",1845-05-17
"http://dbpedia.org/resource/Tristan_Corbière",1845-07-18
"http://dbpedia.org/resource/Comte_de_Lautréamont",1846-04-04
"http://dbpedia.org/resource/Naim_Frashëri",1846-05-25
"http://dbpedia.org/resource/Hristo_Botev",1848-01-06
"http://dbpedia.org/resource/Louisa_Lawson",1848-02-17
"http://dbpedia.org/resource/William_Ernest_Henley",1849-08-23
"http://dbpedia.org/resource/James_Whitcomb_Riley",1849-10-07
"http://dbpedia.org/resource/Mihai_Eminescu",1850-01-15
"http://dbpedia.org/resource/Veronica_Micle",1850-04-22
"http://dbpedia.org/resource/Ivan_Vazov",1850-07-09
"http://dbpedia.org/resource/Robert_Louis_Stevenson",1850-11-13
"http://dbpedia.org/resource/Arlo_Bates",1850-12-16
"http://dbpedia.org/resource/Edwin_Markham",1852-04-23
"http://dbpedia.org/resource/José_Martí",1853-01-28
"http://dbpedia.org/resource/William_Henry_Drummond",1854-04-13
"http://dbpedia.org/resource/Oscar_Wilde",1854-10-16
"http://dbpedia.org/resource/Arthur_Rimbaud",1854-10-20
"http://dbpedia.org/resource/Georges_Rodenbach",1855-07-16
"http://dbpedia.org/resource/Amy_Parkinson",1855-12-27
"http://dbpedia.org/resource/Giovanni_Pascoli",1855-12-31
"http://dbpedia.org/resource/Toru_Dutt",1856-03-04
"http://dbpedia.org/resource/Mohammed_Abdullah_Hassan",1856-04-07
"http://dbpedia.org/resource/John_Davidson_(poet)",1857-04-11
"http://dbpedia.org/resource/Joseph_Conrad",1857-12-03
"http://dbpedia.org/resource/A._E._Housman",1859-03-26
"http://dbpedia.org/resource/Francis_Thompson",1859-12-16
"http://dbpedia.org/resource/Vojislav_Ilić",1860-04-14
"http://dbpedia.org/resource/Jules_Laforgue",1860-08-16
"http://dbpedia.org/resource/Hamlin_Garland",1860-09-14
"http://dbpedia.org/resource/Jan_Kasprowicz",1860-12-12
"http://dbpedia.org/resource/Harriet_Monroe",1860-12-23
"http://dbpedia.org/resource/Frederick_George_Scott",1861-04-07
"http://dbpedia.org/resource/Bliss_Carman",1861-04-15
"http://dbpedia.org/resource/Rabindranath_Tagore",1861-05-07
"http://dbpedia.org/resource/Josephine_D._Heard",1861-10-11
"http://dbpedia.org/resource/Arthur_Schnitzler",1862-05-15
"http://dbpedia.org/resource/Gerhart_Hauptmann",1862-11-15
"http://dbpedia.org/resource/Arthur_Machen",1863-03-03
"http://dbpedia.org/resource/Gabriele_D'Annunzio",1863-03-12
"http://dbpedia.org/resource/Johan_Andreas_Dèr_Mouw",1863-07-24
"http://dbpedia.org/resource/Ernest_Thayer",1863-08-14
"http://dbpedia.org/resource/Violet_Jacob",1863-09-01
"http://dbpedia.org/resource/Elizabeth_Roberts_MacDonald",1864-02-17
"http://dbpedia.org/resource/Banjo_Paterson",1864-02-17
"http://dbpedia.org/resource/Francis_Vielé-Griffin",1864-05-26
"http://dbpedia.org/resource/Fruzina_Szalay",1864-09-10
"http://dbpedia.org/resource/Miguel_de_Unamuno",1864-09-29
"http://dbpedia.org/resource/Herman_Gorter",1864-11-26
"http://dbpedia.org/resource/Kazimierz_Przerwa-Tetmajer",1865-02-12
"http://dbpedia.org/resource/Franciszka_Arnsztajnowa",1865-02-19
"http://dbpedia.org/resource/Marion_Angus",1865-03-27
"http://dbpedia.org/resource/Alice_May_Douglas",1865-06-28
"http://dbpedia.org/resource/Rudyard_Kipling",1865-12-30
"http://dbpedia.org/resource/Pencho_Slaveykov",1866-04-27
"http://dbpedia.org/resource/George_Coșbuc",1866-09-20
"http://dbpedia.org/resource/Ndre_Mjeda",1866-11-20
"http://dbpedia.org/resource/Rubén_Darío",1867-01-18
"http://dbpedia.org/resource/Natsume_Sōseki",1867-02-09
"http://dbpedia.org/resource/Lionel_Johnson",1867-03-15
"http://dbpedia.org/resource/Henry_Lawson",1867-06-17
"http://dbpedia.org/resource/Ernest_Dowson",1867-08-02
"http://dbpedia.org/resource/Masaoka_Shiki",1867-10-14
"http://dbpedia.org/resource/W._E._B._Du_Bois",1868-02-23
"http://dbpedia.org/resource/Aleksa_Šantić",1868-05-27
"http://dbpedia.org/resource/Paul_Claudel",1868-08-06
"http://dbpedia.org/resource/Edgar_Lee_Masters",1868-08-23
"http://dbpedia.org/resource/Stanisław_Wyspiański",1869-01-15
"http://dbpedia.org/resource/Else_Lasker-Schüler",1869-02-11
"http://dbpedia.org/resource/Hovhannes_Tumanyan",1869-02-19
"http://dbpedia.org/resource/Laurence_Binyon",1869-08-10
"http://dbpedia.org/resource/Charlotte_Mew",1869-11-15
"http://dbpedia.org/resource/Edwin_Arlington_Robinson",1869-12-22
"http://dbpedia.org/resource/Hilaire_Belloc",1870-07-27
"http://dbpedia.org/resource/Ivan_Bunin",1870-10-22
"http://dbpedia.org/resource/Christopher_Brennan",1870-11-01
"http://dbpedia.org/resource/Jovan_Dučić",1871-02-16
"http://dbpedia.org/resource/John_Millington_Synge",1871-04-16
"http://dbpedia.org/resource/Christian_Morgenstern",1871-05-06
"http://dbpedia.org/resource/James_Weldon_Johnson",1871-06-17
"http://dbpedia.org/resource/W._H._Davies",1871-07-03
"http://dbpedia.org/resource/Paul_Valéry",1871-10-30
"http://dbpedia.org/resource/Stephen_Crane",1871-11-01
"http://dbpedia.org/resource/Paul_Laurence_Dunbar",1872-06-27
"http://dbpedia.org/resource/Eleanor_Hallowell_Abbott",1872-09-22
"http://dbpedia.org/resource/Max_Ehrmann",1872-09-26
"http://dbpedia.org/resource/Arthur_Talmage_Abernethy",1872-10-10
"http://dbpedia.org/resource/Charles_Péguy",1873-01-07
"http://dbpedia.org/resource/Walter_de_la_Mare",1873-04-25
"http://dbpedia.org/resource/Arthur_Chapman_(poet)",1873-06-25
"http://dbpedia.org/resource/Lola_Ridge",1873-12-12
"http://dbpedia.org/resource/Ford_Madox_Ford",1873-12-17
"http://dbpedia.org/resource/Robert_W._Service",1874-01-16
"http://dbpedia.org/resource/Hugo_von_Hofmannsthal",1874-02-01
"http://dbpedia.org/resource/Gertrude_Stein",1874-02-03
"http://dbpedia.org/resource/Amy_Lowell",1874-02-09
"http://dbpedia.org/resource/Gordon_Bottomley",1874-02-20
"http://dbpedia.org/resource/Kyoshi_Takahama",1874-02-22
"http://dbpedia.org/resource/F._M._Cornford",1874-02-27
"http://dbpedia.org/resource/Robert_Frost",1874-03-26
"http://dbpedia.org/resource/G._K._Chesterton",1874-05-29
"http://dbpedia.org/resource/Ursula_Bethell",1874-10-06
"http://dbpedia.org/resource/Tadeusz_Boy-Żeleński",1874-12-21
"http://dbpedia.org/resource/Antonio_Machado",1875-07-26
"http://dbpedia.org/resource/Aleister_Crowley",1875-10-12
"http://dbpedia.org/resource/Avetik_Isahakyan",1875-10-30
"http://dbpedia.org/resource/Władysław_Orkan",1875-11-27
"http://dbpedia.org/resource/Rainer_Maria_Rilke",1875-12-04
"http://dbpedia.org/resource/Ziya_Gökalp",1876-03-23
"http://dbpedia.org/resource/Ivan_Cankar",1876-05-10
"http://dbpedia.org/resource/Milan_Rakić",1876-09-18
"http://dbpedia.org/resource/Filippo_Tommaso_Marinetti",1876-12-22
"http://dbpedia.org/resource/Bolesław_Leśmian",1877-01-22
"http://dbpedia.org/resource/Meta_Vaux_Warrick_Fuller",1877-06-09
"http://dbpedia.org/resource/Petar_Kočić",1877-06-29
"http://dbpedia.org/resource/Hermann_Hesse",1877-07-02
"http://dbpedia.org/resource/Muhammad_Iqbal",1877-11-09
"http://dbpedia.org/resource/Endre_Ady",1877-11-22
"http://dbpedia.org/resource/Peyo_Yavorov",1878-01-01
"http://dbpedia.org/resource/Carl_Sandburg",1878-01-06
"http://dbpedia.org/resource/Edward_Thomas_(poet)",1878-03-03
"http://dbpedia.org/resource/Erich_Mühsam",1878-04-06
"http://dbpedia.org/resource/Robert_Walser_(writer)",1878-04-15
"http://dbpedia.org/resource/John_Masefield",1878-06-01
"http://dbpedia.org/resource/Eino_Leino",1878-07-06
"http://dbpedia.org/resource/Leopold_Staff",1878-11-14
"http://dbpedia.org/resource/Agnes_Miegel",1879-03-09
"http://dbpedia.org/resource/Neyzen_Tevfik",1879-03-24
"http://dbpedia.org/resource/Melville_Henry_Cane",1879-04-15
"http://dbpedia.org/resource/Kosta_Abrašević",1879-05-29
"http://dbpedia.org/resource/James_Larkin_Pearson",1879-09-13
"http://dbpedia.org/resource/Wallace_Stevens",1879-10-02
"http://dbpedia.org/resource/Patrick_Pearse",1879-11-10
"http://dbpedia.org/resource/Vachel_Lindsay",1879-11-10
"http://dbpedia.org/resource/Émile_Nelligan",1879-12-24
"http://dbpedia.org/resource/Angelina_Weld_Grimké",1880-02-27
"http://dbpedia.org/resource/Vladislav_Petković_Dis",1880-03-10
"http://dbpedia.org/resource/Tudor_Arghezi",1880-05-21
"http://dbpedia.org/resource/Margit_Kaffka",1880-06-10
"http://dbpedia.org/resource/Guillaume_Apollinaire",1880-08-26
"http://dbpedia.org/resource/Georgia_Douglas_Johnson",1880-09-10
"http://dbpedia.org/resource/Alfred_Noyes",1880-09-16
"http://dbpedia.org/resource/Andrei_Bely",1880-10-26
"http://dbpedia.org/resource/Lascelles_Abercrombie",1881-01-09
"http://dbpedia.org/resource/Eleanor_Farjeon",1881-02-13
"http://dbpedia.org/resource/Gabino_Coria_Peñaloza",1881-02-19
"http://dbpedia.org/resource/Herbert_Asquith_(poet)",1881-03-11
"http://dbpedia.org/resource/Octavian_Goga",1881-04-01
"http://dbpedia.org/resource/Witter_Bynner",1881-08-10
"http://dbpedia.org/resource/George_Bacovia",1881-09-17
"http://dbpedia.org/resource/E._J._Pratt",1882-02-04
"http://dbpedia.org/resource/John_Drinkwater_(playwright)",1882-06-01
"http://dbpedia.org/resource/Wyndham_Lewis",1882-11-18
"http://dbpedia.org/resource/Compton_Mackenzie",1883-01-17
"http://dbpedia.org/resource/Umberto_Saba",1883-03-09
"http://dbpedia.org/resource/Gyula_Juhász_(poet)",1883-04-04
"http://dbpedia.org/resource/Sima_Pandurović",1883-04-14
"http://dbpedia.org/resource/William_Carlos_Williams",1883-09-17
"http://dbpedia.org/resource/Mihály_Babits",1883-11-26
"http://dbpedia.org/resource/Edmund_John",1883-11-27
"http://dbpedia.org/resource/Béla_Balázs",1884-08-04
"http://dbpedia.org/resource/Sara_Teasdale",1884-08-08
"http://dbpedia.org/resource/János_Mattis-Teutsch",1884-08-13
"http://dbpedia.org/resource/Vahan_Terian",1885-02-09
"http://dbpedia.org/resource/Stanisław_Ignacy_Witkiewicz",1885-02-24
"http://dbpedia.org/resource/Kavisekhara_Dr_Umar_Alisha",1885-02-28
"http://dbpedia.org/resource/Dezső_Kosztolányi",1885-03-29
"http://dbpedia.org/resource/Andrew_Young_(poet,_born_1885)",1885-04-29
"http://dbpedia.org/resource/Elinor_Wylie",1885-09-07
"http://dbpedia.org/resource/Louis_Untermeyer",1885-10-01
"http://dbpedia.org/resource/William_Rose_Benét",1886-02-02
"http://dbpedia.org/resource/Aeneas_Francon_Williams",1886-02-17
"http://dbpedia.org/resource/Źmitrok_Biadula",1886-04-23
"http://dbpedia.org/resource/Ğabdulla_Tuqay",1886-04-26
"http://dbpedia.org/resource/Gottfried_Benn",1886-05-02
"http://dbpedia.org/resource/Beatrice_Redpath",1886-06-19
"http://dbpedia.org/resource/Ruth_Manning-Sanders",1886-08-21
"http://dbpedia.org/resource/Siegfried_Sassoon",1886-09-08
"http://dbpedia.org/resource/H.D.",1886-09-10
"http://dbpedia.org/resource/Jean_Arp",1886-09-16
"http://dbpedia.org/resource/Delmira_Agustini",1886-10-24
"http://dbpedia.org/resource/Joyce_Kilmer",1886-12-06
"http://dbpedia.org/resource/Robinson_Jeffers",1887-01-10
"http://dbpedia.org/resource/Hedd_Wyn",1887-01-13
"http://dbpedia.org/resource/Georg_Trakl",1887-02-03
"http://dbpedia.org/resource/Edwin_Muir",1887-05-15
"http://dbpedia.org/resource/Rupert_Brooke",1887-08-03
"http://dbpedia.org/resource/Francis_Ledwidge",1887-08-19
"http://dbpedia.org/resource/Blaise_Cendrars",1887-09-01
"http://dbpedia.org/resource/Edith_Sitwell",1887-09-07
"http://dbpedia.org/resource/Lajos_Áprily",1887-11-14
"http://dbpedia.org/resource/Marianne_Moore",1887-11-15
"http://dbpedia.org/resource/Giuseppe_Ungaretti",1888-02-08
"http://dbpedia.org/resource/Mariska_Ady",1888-02-26
"http://dbpedia.org/resource/John_Crowe_Ransom",1888-04-30
"http://dbpedia.org/resource/Fernando_Pessoa",1888-06-13
"http://dbpedia.org/resource/Emil_Zegadłowicz",1888-07-20
"http://dbpedia.org/resource/T._S._Eliot",1888-09-26
"http://dbpedia.org/resource/Gabriela_Mistral",1889-04-07
"http://dbpedia.org/resource/Alter_Esselin",1889-04-23
"http://dbpedia.org/resource/Jean_Cocteau",1889-07-05
"http://dbpedia.org/resource/Conrad_Aiken",1889-08-05
"http://dbpedia.org/resource/Arthur_Waley",1889-08-19
"http://dbpedia.org/resource/Pierre_Reverdy",1889-09-13
"http://dbpedia.org/resource/Kurt_Tucholsky",1890-01-09
"http://dbpedia.org/resource/Jaishankar_Prasad",1890-01-30
"http://dbpedia.org/resource/Ivor_Gurney",1890-08-28
"http://dbpedia.org/resource/August_Alle",1890-08-31
"http://dbpedia.org/resource/Franz_Werfel",1890-09-10
"http://dbpedia.org/resource/Claude_McKay",1890-09-15
"http://dbpedia.org/resource/Isaac_Rosenberg",1890-11-25
"http://dbpedia.org/resource/Dulcie_Deamer",1890-12-13
"http://dbpedia.org/resource/Max_Ernst",1891-04-02
"http://dbpedia.org/resource/Hendrik_Adamson",1891-09-24
"http://dbpedia.org/resource/Maria_Pawlikowska-Jasnorzewska",1891-11-24
"http://dbpedia.org/resource/Nelly_Sachs",1891-12-10
"http://dbpedia.org/resource/Ralph_Chubb",1892-02-08
"http://dbpedia.org/resource/Edna_St._Vincent_Millay",1892-02-22
"http://dbpedia.org/resource/César_Vallejo",1892-03-16
"http://dbpedia.org/resource/Edith_Södergran",1892-04-04
"http://dbpedia.org/resource/Archibald_MacLeish",1892-05-07
"http://dbpedia.org/resource/Alfonsina_Storni",1892-05-22
"http://dbpedia.org/resource/Djuna_Barnes",1892-06-12
"http://dbpedia.org/resource/Hugh_MacDiarmid",1892-08-11
"http://dbpedia.org/resource/Marina_Tsvetaeva",1892-10-08
"http://dbpedia.org/resource/Vicente_Huidobro",1893-01-10
"http://dbpedia.org/resource/Clark_Ashton_Smith",1893-01-13
"http://dbpedia.org/resource/Jorge_Guillén",1893-01-18
"http://dbpedia.org/resource/Wilfred_Owen",1893-03-18
"http://dbpedia.org/resource/Ferenc_Békássy",1893-04-07
"http://dbpedia.org/resource/Miroslav_Krleža",1893-07-07
"http://dbpedia.org/resource/Donald_Davidson_(poet)",1893-08-08
"http://dbpedia.org/resource/Mário_de_Andrade",1893-10-09
"http://dbpedia.org/resource/May_Wedderburn_Cannan",1893-10-14
"http://dbpedia.org/resource/Saunders_Lewis",1893-10-15
"http://dbpedia.org/resource/Herbert_Read",1893-12-04
"http://dbpedia.org/resource/Jarosław_Iwaszkiewicz",1894-02-20
"http://dbpedia.org/resource/Aldous_Huxley",1894-07-26
"http://dbpedia.org/resource/Bryher_(novelist)",1894-09-02
"http://dbpedia.org/resource/Julian_Tuwim",1894-09-13
"http://dbpedia.org/resource/E._E._Cummings",1894-10-14
"http://dbpedia.org/resource/Don_Blanding",1894-11-07
"http://dbpedia.org/resource/Florbela_Espanca",1894-12-08
"http://dbpedia.org/resource/Jean_Toomer",1894-12-26
"http://dbpedia.org/resource/Lucian_Blaga",1895-05-09
"http://dbpedia.org/resource/Charles_Sorley",1895-05-19
"http://dbpedia.org/resource/Robert_Graves",1895-07-24
"http://dbpedia.org/resource/Babette_Deutsch",1895-09-22
"http://dbpedia.org/resource/Sergei_Yesenin",1895-10-03
"http://dbpedia.org/resource/David_Jones_(artist-poet)",1895-11-01
"http://dbpedia.org/resource/Nima_Yooshij",1895-11-11
"http://dbpedia.org/resource/Antoni_Słonimski",1895-11-15
"http://dbpedia.org/resource/Paul_Éluard",1895-12-14
"http://dbpedia.org/resource/André_Breton",1896-02-19
"http://dbpedia.org/resource/Tristan_Tzara",1896-04-28
"http://dbpedia.org/resource/Antonin_Artaud",1896-09-04
"http://dbpedia.org/resource/Eugenio_Montale",1896-10-12
"http://dbpedia.org/resource/Edmund_Blunden",1896-11-01
"http://dbpedia.org/resource/Helen_von_Kolnitz_Hyer",1896-12-30
"http://dbpedia.org/resource/Xu_Zhimo",1897-01-15
"http://dbpedia.org/resource/Suryakant_Tripathi",1897-02-21
"http://dbpedia.org/resource/Ram_Prasad_Bismil",1897-06-11
"http://dbpedia.org/resource/Louise_Bogan",1897-08-11
"http://dbpedia.org/resource/Louis_Aragon",1897-10-03
"http://dbpedia.org/resource/Joseph_Auslander",1897-10-11
"http://dbpedia.org/resource/Jūkichi_Yagi",1898-02-09
"http://dbpedia.org/resource/Bertolt_Brecht",1898-02-10
"http://dbpedia.org/resource/Vicente_Aleixandre",1898-04-26
"http://dbpedia.org/resource/Desanka_Maksimović",1898-05-16
"http://dbpedia.org/resource/Federico_García_Lorca",1898-06-05
"http://dbpedia.org/resource/Stanisław_Baliński",1898-08-02
"http://dbpedia.org/resource/Jan_Brzechwa",1898-08-15
"http://dbpedia.org/resource/Malcolm_Cowley",1898-08-24
"http://dbpedia.org/resource/Hristo_Smirnenski",1898-09-17
"http://dbpedia.org/resource/Ervin_Šinko",1898-10-05
"http://dbpedia.org/resource/Edgell_Rickword",1898-10-22
"http://dbpedia.org/resource/C._S._Lewis",1898-11-29
"http://dbpedia.org/resource/Josh_Malihabadi",1898-12-05
"http://dbpedia.org/resource/Jibanananda_Das",1899-02-17
"http://dbpedia.org/resource/Erich_Kästner",1899-02-23
"http://dbpedia.org/resource/Jan_Lechoń",1899-03-13
"http://dbpedia.org/resource/Lydia_Cabrera",1899-05-20
"http://dbpedia.org/resource/Henri_Michaux",1899-05-24
"http://dbpedia.org/resource/Kazi_Nazrul_Islam",1899-05-26
"http://dbpedia.org/resource/E._B._White",1899-07-11
"http://dbpedia.org/resource/Hart_Crane",1899-07-21
"http://dbpedia.org/resource/F._R._Scott",1899-08-01
"http://dbpedia.org/resource/Jorge_Luis_Borges",1899-08-24
"http://dbpedia.org/resource/Ignazio_Buttitta",1899-09-19
"http://dbpedia.org/resource/Anatol_Stern",1899-10-24
"http://dbpedia.org/resource/Allen_Tate",1899-11-19
"http://dbpedia.org/resource/Wen_Yiduo",1899-11-24
"http://dbpedia.org/resource/Léonie_Adams",1899-12-09
"http://dbpedia.org/resource/Raipiyel_Tennakoon",1899-12-19
"http://dbpedia.org/resource/Jacques_Prévert",1900-02-04
"http://dbpedia.org/resource/Halina_Konopacka",1900-02-26
"http://dbpedia.org/resource/Basil_Bunting",1900-03-01
"http://dbpedia.org/resource/Avraham_Shlonsky",1900-03-06
"http://dbpedia.org/resource/Sándor_Márai",1900-04-11
"http://dbpedia.org/resource/Aleksander_Wat",1900-05-01
"http://dbpedia.org/resource/Sumitranandan_Pant",1900-05-20
"http://dbpedia.org/resource/Laura_Riding",1901-01-16
"http://dbpedia.org/resource/Langston_Hughes",1901-02-01
"http://dbpedia.org/resource/Kenneth_Slessor",1901-03-27
"http://dbpedia.org/resource/Uuno_Kailas",1901-03-29
"http://dbpedia.org/resource/Marian_Hemar",1901-04-06
"http://dbpedia.org/resource/Sterling_Allen_Brown",1901-05-01
"http://dbpedia.org/resource/Bruno_Jasieński",1901-07-17
"http://dbpedia.org/resource/Ruth_Krauss",1901-07-25
"http://dbpedia.org/resource/Salvatore_Quasimodo",1901-08-20
"http://dbpedia.org/resource/Jaroslav_Seifert",1901-09-23
"http://dbpedia.org/resource/Roy_Campbell_(poet)",1901-10-02
"http://dbpedia.org/resource/Cecília_Meireles",1901-11-07
"http://dbpedia.org/resource/Anne_Elizabeth_Wilson",1901-11-28
"http://dbpedia.org/resource/Nâzım_Hikmet",1902-01-17
"http://dbpedia.org/resource/Charles_Lindbergh",1902-02-04
"http://dbpedia.org/resource/Kay_Boyle",1902-02-18
"http://dbpedia.org/resource/Gwendolyn_B._Bennett",1902-07-08
"http://dbpedia.org/resource/Nicolás_Guillén",1902-07-10
"http://dbpedia.org/resource/A._S._J._Tessimond",1902-07-19
"http://dbpedia.org/resource/Eli_Siegel",1902-08-16
"http://dbpedia.org/resource/Ogden_Nash",1902-08-19
"http://dbpedia.org/resource/Felipe_Alfau",1902-08-24
"http://dbpedia.org/resource/Marya_Zaturenska",1902-09-12
"http://dbpedia.org/resource/Stevie_Smith",1902-09-20
"http://dbpedia.org/resource/Luis_Cernuda",1902-09-21
"http://dbpedia.org/resource/Carlos_Drummond_de_Andrade",1902-10-31
"http://dbpedia.org/resource/Gyula_Illyés",1902-11-02
"http://dbpedia.org/resource/Józef_Czechowicz",1903-03-15
"http://dbpedia.org/resource/Countee_Cullen",1903-05-30
"http://dbpedia.org/resource/Merrill_Moore",1903-09-11
"http://dbpedia.org/resource/Mieczysław_Jastrun",1903-10-29
"http://dbpedia.org/resource/Louis_Zukofsky",1904-01-23
"http://dbpedia.org/resource/Dr._Seuss",1904-03-02
"http://dbpedia.org/resource/Srečko_Kosovel",1904-03-18
"http://dbpedia.org/resource/Richard_Eberhart",1904-04-05
"http://dbpedia.org/resource/Cecil_Day-Lewis",1904-04-27
"http://dbpedia.org/resource/Harry_Martinson",1904-05-06
"http://dbpedia.org/resource/Earle_Birney",1904-05-13
"http://dbpedia.org/resource/Necip_Fazıl_Kısakürek",1904-05-26
"http://dbpedia.org/resource/Harold_Acton",1904-07-05
"http://dbpedia.org/resource/Pablo_Neruda",1904-07-12
"http://dbpedia.org/resource/Subhadra_Kumari_Chauhan",1904-08-16
"http://dbpedia.org/resource/Waldo_Williams",1904-09-30
"http://dbpedia.org/resource/Patrick_Kavanagh",1904-10-21
"http://dbpedia.org/resource/Konstanty_Ildefons_Gałczyński",1905-01-23
"http://dbpedia.org/resource/Geoffrey_Grigson",1905-03-02
"http://dbpedia.org/resource/Attila_József",1905-04-11
"http://dbpedia.org/resource/Robert_Penn_Warren",1905-04-24
"http://dbpedia.org/resource/Stanley_Kunitz",1905-07-29
"http://dbpedia.org/resource/Adam_Ważyk",1905-11-17
"http://dbpedia.org/resource/Dietrich_Bonhoeffer",1906-02-04
"http://dbpedia.org/resource/Stanley_Burnshaw",1906-06-20
"http://dbpedia.org/resource/Anne_Morrow_Lindbergh",1906-06-22
"http://dbpedia.org/resource/Vernon_Watkins",1906-06-27
"http://dbpedia.org/resource/Helene_Johnson",1906-07-07
"http://dbpedia.org/resource/James_Still",1906-07-16
"http://dbpedia.org/resource/Jesse_Stuart",1906-08-08
"http://dbpedia.org/resource/John_Betjeman",1906-08-28
"http://dbpedia.org/resource/William_Empson",1906-09-27
"http://dbpedia.org/resource/Léopold_Sédar_Senghor",1906-10-09
"http://dbpedia.org/resource/Betti_Alver",1906-11-23
"http://dbpedia.org/resource/W._H._Auden",1907-02-21
"http://dbpedia.org/resource/Mahadevi_Varma",1907-03-26
"http://dbpedia.org/resource/Paweł_Kubisz",1907-05-12
"http://dbpedia.org/resource/René_Char",1907-06-14
"http://dbpedia.org/resource/A._D._Hope",1907-07-21
"http://dbpedia.org/resource/Nicholas_Freeston",1907-08-28
"http://dbpedia.org/resource/Louis_MacNeice",1907-09-12
"http://dbpedia.org/resource/László_Ladányi",1907-10-24
"http://dbpedia.org/resource/Harivansh_Rai_Bachchan",1907-11-27
"http://dbpedia.org/resource/Rumer_Godden",1907-12-10
"http://dbpedia.org/resource/Albert_Wass",1908-01-08
"http://dbpedia.org/resource/J._K._Annand",1908-02-03
"http://dbpedia.org/resource/René_Daumal",1908-03-16
"http://dbpedia.org/resource/George_Oppen",1908-04-24
"http://dbpedia.org/resource/Theodore_Roethke",1908-05-25
"http://dbpedia.org/resource/Kathleen_Raine",1908-06-14
"http://dbpedia.org/resource/Olav_H._Hauge",1908-08-18
"http://dbpedia.org/resource/Marguerite_Young",1908-08-26
"http://dbpedia.org/resource/William_Saroyan",1908-08-31
"http://dbpedia.org/resource/Sydor_Rey",1908-09-06
"http://dbpedia.org/resource/Cesare_Pavese",1908-09-09
"http://dbpedia.org/resource/Ramdhari_Singh_Dinkar",1908-09-23
"http://dbpedia.org/resource/Georg_Thurmair",1909-02-07
"http://dbpedia.org/resource/Stephen_Spender",1909-02-28
"http://dbpedia.org/resource/Józef_Łobodowski",1909-03-19
"http://dbpedia.org/resource/Henryka_Łazowertówna",1909-06-19
"http://dbpedia.org/resource/James_Reeves_(writer)",1909-07-01
"http://dbpedia.org/resource/Sayyid_Ahmedullah_Qadri",1909-08-09
"http://dbpedia.org/resource/Hugh_Sykes_Davies",1909-08-17
"http://dbpedia.org/resource/Laxmi_Prasad_Devkota",1909-11-13
"http://dbpedia.org/resource/James_Agee",1909-11-27
"http://dbpedia.org/resource/Helen_Adam",1909-12-02
"http://dbpedia.org/resource/Mary_Barnard",1909-12-06
"http://dbpedia.org/resource/Nikola_Vaptsarov",1909-12-07
"http://dbpedia.org/resource/Angelico_Chavez",1910-04-10
"http://dbpedia.org/resource/Johanna_Schouten-Elsenhout",1910-07-11
"http://dbpedia.org/resource/György_Faludy",1910-09-22
"http://dbpedia.org/resource/Miguel_Hernández",1910-10-30
"http://dbpedia.org/resource/Norman_MacCaig",1910-11-14
"http://dbpedia.org/resource/José_Lezama_Lima",1910-12-19
"http://dbpedia.org/resource/Charles_Olson",1910-12-27
"http://dbpedia.org/resource/Elizabeth_Bishop",1911-02-08
"http://dbpedia.org/resource/Leah_Goldberg",1911-05-29
"http://dbpedia.org/resource/Allen_Curnow",1911-06-17
"http://dbpedia.org/resource/Czesław_Miłosz",1911-06-30
"http://dbpedia.org/resource/Sorley_MacLean",1911-10-26
"http://dbpedia.org/resource/Kenneth_Patchen",1911-12-13
"http://dbpedia.org/resource/Lawrence_Durrell",1912-02-27
"http://dbpedia.org/resource/Kusumagraj",1912-02-27
"http://dbpedia.org/resource/George_Woodcock",1912-05-08
"http://dbpedia.org/resource/Maria_Luise_Thurmair",1912-09-27
"http://dbpedia.org/resource/Jean_Garrigue",1912-12-08
"http://dbpedia.org/resource/Denis_Glover",1912-12-09
"http://dbpedia.org/resource/George_Barker_(poet)",1913-02-26
"http://dbpedia.org/resource/R._S._Thomas",1913-03-29
"http://dbpedia.org/resource/May_Swenson",1913-05-28
"http://dbpedia.org/resource/Sándor_Weöres",1913-06-22
"http://dbpedia.org/resource/Aimé_Césaire",1913-06-26
"http://dbpedia.org/resource/Salvador_Espriu",1913-07-10
"http://dbpedia.org/resource/Robert_Hayden",1913-08-04
"http://dbpedia.org/resource/George_Benson_Johnston",1913-10-07
"http://dbpedia.org/resource/Kersti_Merilaas",1913-12-07
"http://dbpedia.org/resource/Delmore_Schwartz",1913-12-08
"http://dbpedia.org/resource/Muriel_Rukeyser",1913-12-15
"http://dbpedia.org/resource/William_Stafford_(poet)",1914-01-17
"http://dbpedia.org/resource/Alfred_Andersch",1914-02-04
"http://dbpedia.org/resource/William_S._Burroughs",1914-02-05
"http://dbpedia.org/resource/Jan_Nisar_Akhtar",1914-02-18
"http://dbpedia.org/resource/Weldon_Kees",1914-02-24
"http://dbpedia.org/resource/Octavio_Paz",1914-03-31
"http://dbpedia.org/resource/Hovhannes_Shiraz",1914-04-27
"http://dbpedia.org/resource/Randall_Jarrell",1914-05-06
"http://dbpedia.org/resource/Majeed_Amjad",1914-06-29
"http://dbpedia.org/resource/Nicanor_Parra",1914-09-05
"http://dbpedia.org/resource/Mario_Luzi",1914-10-20
"http://dbpedia.org/resource/John_Berryman",1914-10-25
"http://dbpedia.org/resource/Dylan_Thomas",1914-10-27
"http://dbpedia.org/resource/James_Laughlin",1914-10-30
"http://dbpedia.org/resource/Zygmunt_Rumel",1915-02-22
"http://dbpedia.org/resource/Judith_Wright",1915-05-31
"http://dbpedia.org/resource/Ruth_Stone",1915-06-08
"http://dbpedia.org/resource/Alun_Lewis_(poet)",1915-07-01
"http://dbpedia.org/resource/Margaret_Walker",1915-07-07
"http://dbpedia.org/resource/Meary_James_Thurairajah_Tambimuttu",1915-08-15
"http://dbpedia.org/resource/Sydney_Goodsir_Smith",1915-10-26
"http://dbpedia.org/resource/Robert_Lax",1915-11-30
"http://dbpedia.org/resource/Sam_Ragan",1915-12-31
"http://dbpedia.org/resource/Brion_Gysin",1916-01-19
"http://dbpedia.org/resource/Gavin_Ewart",1916-02-04
"http://dbpedia.org/resource/Grace_Beacham_Freeman",1916-02-18
"http://dbpedia.org/resource/John_Ciardi",1916-06-24
"http://dbpedia.org/resource/Anne_Hébert",1916-08-01
"http://dbpedia.org/resource/Peter_Viereck",1916-08-05
"http://dbpedia.org/resource/David_Gascoyne",1916-10-10
"http://dbpedia.org/resource/Mareez",1917-02-22
"http://dbpedia.org/resource/Anthony_Burgess",1917-02-25
"http://dbpedia.org/resource/Robert_Lowell",1917-03-01
"http://dbpedia.org/resource/Zuzanna_Ginczanka",1917-03-22
"http://dbpedia.org/resource/Victor_Henry_Anderson",1917-05-21
"http://dbpedia.org/resource/Gopal_Prasad_Rimal",1917-05-21
"http://dbpedia.org/resource/Gwendolyn_Brooks",1917-06-07
"http://dbpedia.org/resource/Robert_Conquest",1917-07-15
"http://dbpedia.org/resource/Charles_Causley",1917-08-24
"http://dbpedia.org/resource/Heinrich_Böll",1917-12-21
"http://dbpedia.org/resource/William_Bronk",1918-02-17
"http://dbpedia.org/resource/Spike_Milligan",1918-04-16
"http://dbpedia.org/resource/William_Jay_Smith",1918-04-22
"http://dbpedia.org/resource/Margaret_Avison",1918-04-23
"http://dbpedia.org/resource/İlhan_Berk",1918-11-18
"http://dbpedia.org/resource/Joan_Brossa",1919-01-19
"http://dbpedia.org/resource/Lawrence_Ferlinghetti",1919-03-24
"http://dbpedia.org/resource/Boris_Slutsky",1919-05-07
"http://dbpedia.org/resource/Mari_Evans",1919-07-16
"http://dbpedia.org/resource/Reed_Whittemore",1919-09-11
"http://dbpedia.org/resource/Matilde_Camus",1919-09-26
"http://dbpedia.org/resource/Gevorg_Emin",1919-09-30
"http://dbpedia.org/resource/Gajanan_Digambar_Madgulkar",1919-10-01
"http://dbpedia.org/resource/Patricia_Beer",1919-11-04
"http://dbpedia.org/resource/Sophia_de_Mello_Breyner_Andresen",1919-11-06
"http://dbpedia.org/resource/Madeline_DeFrees",1919-11-18
"http://dbpedia.org/resource/Keith_Douglas",1920-01-24
"http://dbpedia.org/resource/David_Wright_(poet)",1920-02-23
"http://dbpedia.org/resource/Howard_Nemerov",1920-03-01
"http://dbpedia.org/resource/Edwin_Morgan_(poet)",1920-04-27
"http://dbpedia.org/resource/Gwen_Harwood",1920-06-08
"http://dbpedia.org/resource/Charles_Bukowski",1920-08-16
"http://dbpedia.org/resource/Barbara_Guest",1920-09-06
"http://dbpedia.org/resource/Oodgeroo_Noonuccal",1920-11-03
"http://dbpedia.org/resource/Paul_Celan",1920-11-23
"http://dbpedia.org/resource/Chester_Kallman",1921-01-07
"http://dbpedia.org/resource/Necati_Cumalı",1921-01-13
"http://dbpedia.org/resource/Krzysztof_Kamil_Baczyński",1921-01-22
"http://dbpedia.org/resource/Richard_Wilbur",1921-03-01
"http://dbpedia.org/resource/Wilson_Harris",1921-03-24
"http://dbpedia.org/resource/Marie_Ponsot",1921-04-06
"http://dbpedia.org/resource/Mona_Van_Duyn",1921-05-09
"http://dbpedia.org/resource/Daniel_Berrigan",1921-05-09
"http://dbpedia.org/resource/Julia_Hartwig",1921-08-14
"http://dbpedia.org/resource/Tadeusz_Różewicz",1921-10-09
"http://dbpedia.org/resource/Andrea_Zanzotto",1921-10-10
"http://dbpedia.org/resource/George_Mackay_Brown",1921-10-17
"http://dbpedia.org/resource/Vojin_Jelić",1921-11-27
"http://dbpedia.org/resource/Ilmar_Laaban",1921-12-11
"http://dbpedia.org/resource/Blaga_Dimitrova",1922-01-02
"http://dbpedia.org/resource/Tadeusz_Gajcy",1922-02-08
"http://dbpedia.org/resource/Jack_Kerouac",1922-03-12
"http://dbpedia.org/resource/Kingsley_Amis",1922-04-16
"http://dbpedia.org/resource/Sidney_Keyes",1922-05-27
"http://dbpedia.org/resource/Vasko_Popa",1922-06-29
"http://dbpedia.org/resource/Chairil_Anwar",1922-07-26
"http://dbpedia.org/resource/Philip_Larkin",1922-08-09
"http://dbpedia.org/resource/Grace_Paley",1922-12-11
"http://dbpedia.org/resource/Ivor_Cutler",1923-01-15
"http://dbpedia.org/resource/James_Dickey",1923-02-02
"http://dbpedia.org/resource/Alan_Dugan",1923-02-12
"http://dbpedia.org/resource/Nizar_Qabbani",1923-03-21
"http://dbpedia.org/resource/Louis_Simpson",1923-03-27
"http://dbpedia.org/resource/Milton_Acorn",1923-03-30
"http://dbpedia.org/resource/Shirley_Kaufman",1923-06-05
"http://dbpedia.org/resource/Wisława_Szymborska",1923-07-02
"http://dbpedia.org/resource/Dannie_Abse",1923-09-22
"http://dbpedia.org/resource/Tuli_Kupferberg",1923-09-28
"http://dbpedia.org/resource/Philip_Whalen",1923-10-20
"http://dbpedia.org/resource/Denise_Levertov",1923-10-24
"http://dbpedia.org/resource/Fyodor_Tyutchev",1923-11-03
"http://dbpedia.org/resource/Richard_Hugo",1923-12-21
"http://dbpedia.org/resource/Subagio_Sastrowardoyo",1924-02-01
"http://dbpedia.org/resource/Yehuda_Amichai",1924-05-03
"http://dbpedia.org/resource/Claribel_Alegría",1924-05-12
"http://dbpedia.org/resource/Janet_Frame",1924-08-28
"http://dbpedia.org/resource/James_Berry_(poet)",1924-09-28
"http://dbpedia.org/resource/Jerzy_Ficowski",1924-10-04
"http://dbpedia.org/resource/Zbigniew_Herbert",1924-10-29
"http://dbpedia.org/resource/Ernesto_Cardenal",1925-01-20
"http://dbpedia.org/resource/Francis_Webb_(poet)",1925-02-08
"http://dbpedia.org/resource/Jack_Gilbert",1925-02-18
"http://dbpedia.org/resource/Gerald_Stern",1925-02-22
"http://dbpedia.org/resource/Ennis_Rees",1925-03-17
"http://dbpedia.org/resource/Bob_Kaufman",1925-04-18
"http://dbpedia.org/resource/Maxine_Kumin",1925-06-06
"http://dbpedia.org/resource/Vincent_Buckley",1925-07-08
"http://dbpedia.org/resource/László_Nagy_(poet)",1925-07-17
"http://dbpedia.org/resource/Donald_Justice",1925-08-12
"http://dbpedia.org/resource/Park_Yong-rae",1925-08-14
"http://dbpedia.org/resource/Ian_Hamilton_Finlay",1925-10-28
"http://dbpedia.org/resource/Francisco_Granizo_Ribadeneira",1925-11-08
"http://dbpedia.org/resource/Carolyn_Kizer",1925-12-10
"http://dbpedia.org/resource/Ahmad_Shamlou",1925-12-12
"http://dbpedia.org/resource/Neal_Cassady",1926-02-08
"http://dbpedia.org/resource/A._R._Ammons",1926-02-18
"http://dbpedia.org/resource/James_Merrill",1926-03-03
"http://dbpedia.org/resource/Jaime_Sabines",1926-03-25
"http://dbpedia.org/resource/Frank_O'Hara",1926-03-27
"http://dbpedia.org/resource/Robert_Creeley",1926-05-21
"http://dbpedia.org/resource/Allen_Ginsberg",1926-06-03
"http://dbpedia.org/resource/Ingeborg_Bachmann",1926-06-25
"http://dbpedia.org/resource/James_K._Baxter",1926-06-29
"http://dbpedia.org/resource/James_Reaney",1926-09-01
"http://dbpedia.org/resource/Marijane_Minaberri",1926-09-07
"http://dbpedia.org/resource/Raymond_Garlick",1926-09-21
"http://dbpedia.org/resource/Robert_Bly",1926-12-23
"http://dbpedia.org/resource/Galway_Kinnell",1927-02-01
"http://dbpedia.org/resource/Siavash_Kasrai",1927-02-25
"http://dbpedia.org/resource/Martin_Walser",1927-03-24
"http://dbpedia.org/resource/Jacquie_Sturm",1927-05-17
"http://dbpedia.org/resource/Kannadasan",1927-06-24
"http://dbpedia.org/resource/John_Ashbery",1927-07-28
"http://dbpedia.org/resource/W._S._Merwin",1927-09-30
"http://dbpedia.org/resource/Günter_Grass",1927-10-16
"http://dbpedia.org/resource/Philip_Lamantia",1927-10-23
"http://dbpedia.org/resource/Willis_Barnstone",1927-11-13
"http://dbpedia.org/resource/Guy_Davenport",1927-11-23
"http://dbpedia.org/resource/C._J._Stevens",1927-12-08
"http://dbpedia.org/resource/James_Wright_(poet)",1927-12-13
"http://dbpedia.org/resource/Philip_Levine_(poet)",1928-01-10
"http://dbpedia.org/resource/Hushang_Ebtehaj",1928-02-26
"http://dbpedia.org/resource/Maya_Angelou",1928-04-04
"http://dbpedia.org/resource/Thomas_Kinsella",1928-05-04
"http://dbpedia.org/resource/Ferenc_Juhász_(poet)",1928-08-16
"http://dbpedia.org/resource/Donald_Hall",1928-09-20
"http://dbpedia.org/resource/Jayanta_Mahapatra",1928-10-22
"http://dbpedia.org/resource/Gilles_Vigneault",1928-10-27
"http://dbpedia.org/resource/Anne_Sexton",1928-11-09
"http://dbpedia.org/resource/Luci_Shaw",1928-12-29
"http://dbpedia.org/resource/Peter_Porter_(poet)",1929-02-16
"http://dbpedia.org/resource/John_Montague_(poet)",1929-02-28
"http://dbpedia.org/resource/Mehdi_Akhavan-Sales",1929-03-01
"http://dbpedia.org/resource/Jonathan_Williams_(poet)",1929-03-08
"http://dbpedia.org/resource/Christa_Wolf",1929-03-18
"http://dbpedia.org/resource/Ann_Elizabeth_Carson",1929-03-19
"http://dbpedia.org/resource/Hugo_Claus",1929-04-05
"http://dbpedia.org/resource/Sándor_Kányádi",1929-05-10
"http://dbpedia.org/resource/Adrienne_Rich",1929-05-16
"http://dbpedia.org/resource/U._A._Fanthorpe",1929-07-22
"http://dbpedia.org/resource/Remco_Campert",1929-07-28
"http://dbpedia.org/resource/Al_Alvarez",1929-08-05
"http://dbpedia.org/resource/Pawlu_Aquilina",1929-08-28
"http://dbpedia.org/resource/Shamsur_Rahman_(poet)",1929-10-23
"http://dbpedia.org/resource/John_Hollander",1929-10-28
"http://dbpedia.org/resource/Hans_Magnus_Enzensberger",1929-11-11
"http://dbpedia.org/resource/Michael_Ende",1929-11-12
"http://dbpedia.org/resource/Gábor_Görgey",1929-11-22
"http://dbpedia.org/resource/Derek_Walcott",1930-01-23
"http://dbpedia.org/resource/Sándor_Csoóri",1930-02-03
"http://dbpedia.org/resource/Gregory_Corso",1930-03-26
"http://dbpedia.org/resource/Miller_Williams",1930-04-08
"http://dbpedia.org/resource/Juan_Gelman",1930-05-03
"http://dbpedia.org/resource/Gary_Snyder",1930-05-08
"http://dbpedia.org/resource/Kamau_Brathwaite",1930-05-11
"http://dbpedia.org/resource/Alda_Lara",1930-06-09
"http://dbpedia.org/resource/Ted_Hughes",1930-08-17
"http://dbpedia.org/resource/Józef_Krupiński",1930-09-24
"http://dbpedia.org/resource/Shel_Silverstein",1930-09-25
"http://dbpedia.org/resource/Ahmad_Faraz",1931-01-12
"http://dbpedia.org/resource/Cor_van_den_Heuvel",1931-03-06
"http://dbpedia.org/resource/Alda_Merini",1931-03-21
"http://dbpedia.org/resource/Oswald_LeWinter",1931-04-02
"http://dbpedia.org/resource/George_Starbuck",1931-06-15
"http://dbpedia.org/resource/Jovan_Ćirilov",1931-08-30
"http://dbpedia.org/resource/Dritëro_Agolli",1931-10-13
"http://dbpedia.org/resource/Peter_Redgrove",1932-01-02
"http://dbpedia.org/resource/Mika_Antić",1932-03-14
"http://dbpedia.org/resource/John_Updike",1932-03-18
"http://dbpedia.org/resource/Andrzej_Bursa",1932-03-21
"http://dbpedia.org/resource/Adrian_Henri",1932-04-10
"http://dbpedia.org/resource/Jenny_Joseph",1932-05-07
"http://dbpedia.org/resource/Geoffrey_Hill",1932-06-18
"http://dbpedia.org/resource/Michael_McClure",1932-10-20
"http://dbpedia.org/resource/Adrian_Mitchell",1932-10-24
"http://dbpedia.org/resource/Sylvia_Plath",1932-10-27
"http://dbpedia.org/resource/Anna_Jókai",1932-11-24
"http://dbpedia.org/resource/Billy_Edd_Wheeler",1932-12-09
"http://dbpedia.org/resource/Nichita_Stănescu",1933-03-31
"http://dbpedia.org/resource/Rod_McKuen",1933-04-29
"http://dbpedia.org/resource/Helen_Vendler",1933-04-30
"http://dbpedia.org/resource/Andrei_Voznesensky",1933-05-12
"http://dbpedia.org/resource/John_Furnival",1933-05-29
"http://dbpedia.org/resource/Peter_Orlovsky",1933-07-08
"http://dbpedia.org/resource/Yevgeny_Yevtushenko",1933-07-18
"http://dbpedia.org/resource/Duško_Trifunović",1933-09-13
"http://dbpedia.org/resource/Ágnes_Gergely",1933-10-05
"http://dbpedia.org/resource/Peter_Härtling",1933-11-13
"http://dbpedia.org/resource/Branko_Miljković",1934-01-29
"http://dbpedia.org/resource/Fleur_Adcock",1934-02-10
"http://dbpedia.org/resource/Audre_Lorde",1934-02-18
"http://dbpedia.org/resource/Mark_Strand",1934-04-11
"http://dbpedia.org/resource/Jayne_Cortez",1934-05-10
"http://dbpedia.org/resource/Wole_Soyinka",1934-07-13
"http://dbpedia.org/resource/Wendell_Berry",1934-08-05
"http://dbpedia.org/resource/Diane_di_Prima",1934-08-06
"http://dbpedia.org/resource/Sonia_Sanchez",1934-09-09
"http://dbpedia.org/resource/Leonard_Cohen",1934-09-21
"http://dbpedia.org/resource/Amiri_Baraka",1934-10-07
"http://dbpedia.org/resource/Forugh_Farrokhzad",1934-12-28
"http://dbpedia.org/resource/Richard_Brautigan",1935-01-30
"http://dbpedia.org/resource/Danilo_Kiš",1935-02-22
"http://dbpedia.org/resource/Halina_Poświatowska",1935-05-09
"http://dbpedia.org/resource/Roque_Dalton",1935-05-14
"http://dbpedia.org/resource/Jay_Wright_(poet)",1935-05-25
"http://dbpedia.org/resource/Jarosław_Marek_Rymkiewicz",1935-07-13
"http://dbpedia.org/resource/Claude_Esteban",1935-07-26
"http://dbpedia.org/resource/Michaël_Slory",1935-08-04
"http://dbpedia.org/resource/Rosmarie_Waldrop",1935-08-24
"http://dbpedia.org/resource/Charles_Wright_(poet)",1935-08-25
"http://dbpedia.org/resource/Mary_Oliver",1935-09-10
"http://dbpedia.org/resource/Calvin_Trillin",1935-12-05
"http://dbpedia.org/resource/Adélia_Prado",1935-12-13
"http://dbpedia.org/resource/Onat_Kutlar",1936-01-25
"http://dbpedia.org/resource/Veturi",1936-01-29
"http://dbpedia.org/resource/Lars_Gustafsson",1936-05-17
"http://dbpedia.org/resource/Fred_Chappell",1936-05-28
"http://dbpedia.org/resource/Lucille_Clifton",1936-06-27
"http://dbpedia.org/resource/June_Jordan",1936-07-09
"http://dbpedia.org/resource/Addepalli_Ramamohana_Rao",1936-09-06
"http://dbpedia.org/resource/Agnieszka_Osiecka",1936-10-09
"http://dbpedia.org/resource/Dahlia_Ravikovitch",1936-11-17
"http://dbpedia.org/resource/Clarence_Major",1936-12-31
"http://dbpedia.org/resource/John_Fuller_(poet)",1937-01-01
"http://dbpedia.org/resource/Dilwar_Khan",1937-01-01
"http://dbpedia.org/resource/Bella_Akhmadulina",1937-04-10
"http://dbpedia.org/resource/Coleman_Barks",1937-04-23
"http://dbpedia.org/resource/Tony_Harrison",1937-04-30
"http://dbpedia.org/resource/Hélène_Cixous",1937-06-05
"http://dbpedia.org/resource/Susan_Howe",1937-06-10
"http://dbpedia.org/resource/Diane_Wakoski",1937-08-03
"http://dbpedia.org/resource/Edward_Stachura",1937-08-18
"http://dbpedia.org/resource/Roger_McGough",1937-11-09
"http://dbpedia.org/resource/Jim_Harrison",1937-12-11
"http://dbpedia.org/resource/Bhupi_Sherchan",1937-12-27
"http://dbpedia.org/resource/Syed_Mahmood_Khundmiri",1938-02-14
"http://dbpedia.org/resource/Ishmael_Reed",1938-02-22
"http://dbpedia.org/resource/Dick_Higgins",1938-03-15
"http://dbpedia.org/resource/John_Thompson_(Canadian_poet)",1938-03-17
"http://dbpedia.org/resource/István_Ágh_(poet)",1938-03-24
"http://dbpedia.org/resource/Charles_Simic",1938-05-09
"http://dbpedia.org/resource/Khawar_Rizvi",1938-06-01
"http://dbpedia.org/resource/Tom_Raworth",1938-07-19
"http://dbpedia.org/resource/Olga_Nolla",1938-09-18
"http://dbpedia.org/resource/Keorapetse_Kgositsile",1938-09-19
"http://dbpedia.org/resource/Les_Murray_(poet)",1938-10-17
"http://dbpedia.org/resource/Jared_Carter_(poet)",1939-01-10
"http://dbpedia.org/resource/Robert_Nye",1939-03-15
"http://dbpedia.org/resource/Seamus_Heaney",1939-04-13
"http://dbpedia.org/resource/Bennie_Lee_Sinclair",1939-04-15
"http://dbpedia.org/resource/Stephen_Dunn",1939-06-24
"http://dbpedia.org/resource/Ljubivoje_Ršumović",1939-07-03
"http://dbpedia.org/resource/Michael_Longley",1939-07-27
"http://dbpedia.org/resource/Dick_Allen_(poet)",1939-08-08
"http://dbpedia.org/resource/Sándor_Tóth",1939-08-18
"http://dbpedia.org/resource/Robert_Siegel_(author)",1939-08-18
"http://dbpedia.org/resource/Dennis_Lee_(author)",1939-08-31
"http://dbpedia.org/resource/Breyten_Breytenbach",1939-09-16
"http://dbpedia.org/resource/E._A._Markham",1939-10-01
"http://dbpedia.org/resource/Clive_James",1939-10-07
"http://dbpedia.org/resource/Ravji_Patel",1939-11-15
"http://dbpedia.org/resource/Margaret_Atwood",1939-11-18
"http://dbpedia.org/resource/Bill_Bissett",1939-11-23
"http://dbpedia.org/resource/Matija_Bećković",1939-11-29
"http://dbpedia.org/resource/Thomas_M._Disch",1940-02-02
"http://dbpedia.org/resource/Sapardi_Djoko_Damono",1940-03-20
"http://dbpedia.org/resource/Russell_Banks",1940-03-28
"http://dbpedia.org/resource/Joseph_Brodsky",1940-05-24
"http://dbpedia.org/resource/David_Budbill",1940-06-13
"http://dbpedia.org/resource/Harry_Northup",1940-09-02
"http://dbpedia.org/resource/Fanny_Howe",1940-10-15
"http://dbpedia.org/resource/Robert_Pinsky",1940-10-20
"http://dbpedia.org/resource/Gojko_Đogo",1940-11-21
"http://dbpedia.org/resource/Kelly_Cherry",1940-12-21
"http://dbpedia.org/resource/Royston_Ellis",1941-02-10
"http://dbpedia.org/resource/Robert_Hass",1941-03-01
"http://dbpedia.org/resource/Mahmoud_Darwish",1941-03-13
"http://dbpedia.org/resource/Billy_Collins",1941-03-22
"http://dbpedia.org/resource/Toi_Derricotte",1941-04-12
"http://dbpedia.org/resource/Yusef_Komunyakaa",1941-04-29
"http://dbpedia.org/resource/Bob_Dylan",1941-05-24
"http://dbpedia.org/resource/Cirilo_Bautista",1941-07-09
"http://dbpedia.org/resource/Gwendolyn_MacEwen",1941-09-01
"http://dbpedia.org/resource/Anne_Rice",1941-10-04
"http://dbpedia.org/resource/Heathcote_Williams",1941-11-15
"http://dbpedia.org/resource/Derek_Mahon",1941-11-23
"http://dbpedia.org/resource/Riaz_Ahmed_Gohar_Shahi",1941-11-25
"http://dbpedia.org/resource/Ken_Brewer",1941-11-28
"http://dbpedia.org/resource/Paul-Eerik_Rummo",1942-01-19
"http://dbpedia.org/resource/Angus_Calder",1942-02-05
"http://dbpedia.org/resource/Haki_R._Madhubuti",1942-02-23
"http://dbpedia.org/resource/Ama_Ata_Aidoo",1942-03-23
"http://dbpedia.org/resource/Stuart_Dybek",1942-04-10
"http://dbpedia.org/resource/Ron_Padgett",1942-06-17
"http://dbpedia.org/resource/Linda_Gregg",1942-09-09
"http://dbpedia.org/resource/Duane_Ackerson",1942-10-17
"http://dbpedia.org/resource/Stan_Rice",1942-11-07
"http://dbpedia.org/resource/Sharon_Olds",1942-11-12
"http://dbpedia.org/resource/Susan_Griffin",1943-01-26
"http://dbpedia.org/resource/Mina_Assadi",1943-03-12
"http://dbpedia.org/resource/Louise_Glück",1943-04-22
"http://dbpedia.org/resource/Michael_Palmer_(poet)",1943-05-11
"http://dbpedia.org/resource/Nikki_Giovanni",1943-06-07
"http://dbpedia.org/resource/Ryszard_Krynicki",1943-06-28
"http://dbpedia.org/resource/Alfred_Corn",1943-08-14
"http://dbpedia.org/resource/Alfonso_Vallejo",1943-08-19
"http://dbpedia.org/resource/Nicole_Brossard",1943-11-27
"http://dbpedia.org/resource/John_Balaban_(poet)",1943-12-02
"http://dbpedia.org/resource/James_Tate_(writer)",1943-12-08
"http://dbpedia.org/resource/Jim_Morrison",1943-12-08
"http://dbpedia.org/resource/Alice_Walker",1944-02-09
"http://dbpedia.org/resource/Leslie_Scalapino",1944-07-25
"http://dbpedia.org/resource/Sherley_Anne_Williams",1944-08-25
"http://dbpedia.org/resource/Judit_Vihar",1944-08-28
"http://dbpedia.org/resource/Lorenzo_Thomas_(poet)",1944-08-31
"http://dbpedia.org/resource/İsmet_Özel",1944-09-19
"http://dbpedia.org/resource/Eavan_Boland",1944-09-24
"http://dbpedia.org/resource/Lewis_Warsh",1944-11-09
"http://dbpedia.org/resource/Vishnu_Raj_Atreya",1944-11-10
"http://dbpedia.org/resource/Kathryn_Stripling_Byer",1944-11-25
"http://dbpedia.org/resource/Gilbert_Adair",1944-12-29
"http://dbpedia.org/resource/Ian_Young_(writer)",1945-01-05
"http://dbpedia.org/resource/Philip_Schultz",1945-01-06
"http://dbpedia.org/resource/Javed_Akhtar",1945-01-17
"http://dbpedia.org/resource/Clive_Wilmer",1945-02-10
"http://dbpedia.org/resource/Robert_Calvert",1945-03-09
"http://dbpedia.org/resource/Anne_Waldman",1945-04-02
"http://dbpedia.org/resource/Bernadette_Mayer",1945-05-12
"http://dbpedia.org/resource/Adam_Zagajewski",1945-06-21
"http://dbpedia.org/resource/Abhi_Subedi",1945-06-30
"http://dbpedia.org/resource/Wendy_Cope",1945-07-21
"http://dbpedia.org/resource/Joan_Murray",1945-08-06
"http://dbpedia.org/resource/J._D._McClatchy",1945-08-12
"http://dbpedia.org/resource/Selima_Hill",1945-10-13
"http://dbpedia.org/resource/Peter_Lamborn_Wilson",1945-10-20
"http://dbpedia.org/resource/Temsüla_Ao",1945-10-25
"http://dbpedia.org/resource/Alice_Notley",1945-11-08
"http://dbpedia.org/resource/Marilyn_Nelson",1946-04-26
"http://dbpedia.org/resource/Michael_Rosen",1946-05-07
"http://dbpedia.org/resource/Ruth_Padel",1946-05-08
"http://dbpedia.org/resource/Sam_Hunt_(poet)",1946-07-04
"http://dbpedia.org/resource/Salman_Akhtar",1946-07-31
"http://dbpedia.org/resource/Ron_Silliman",1946-08-05
"http://dbpedia.org/resource/Charles_Ghigna",1946-08-25
"http://dbpedia.org/resource/Susanna_Roxman",1946-08-29
"http://dbpedia.org/resource/Larry_Levis",1946-09-30
"http://dbpedia.org/resource/Robert_Bringhurst",1946-10-16
"http://dbpedia.org/resource/Stanisław_Barańczak",1946-11-13
"http://dbpedia.org/resource/Wanda_Coleman",1946-11-13
"http://dbpedia.org/resource/Thomas_Lux",1946-12-10
"http://dbpedia.org/resource/Bill_Manhire",1946-12-27
"http://dbpedia.org/resource/Patti_Smith",1946-12-30
"http://dbpedia.org/resource/Les_Barker",1947-01-30
"http://dbpedia.org/resource/Paul_Auster",1947-02-03
"http://dbpedia.org/resource/Yehonatan_Geffen",1947-02-22
"http://dbpedia.org/resource/Keri_Hulme",1947-03-09
"http://dbpedia.org/resource/Pam_Ayres",1947-03-14
"http://dbpedia.org/resource/Christine_De_Luca",1947-04-04
"http://dbpedia.org/resource/Rae_Armantrout",1947-04-13
"http://dbpedia.org/resource/Kathy_Acker",1947-04-18
"http://dbpedia.org/resource/Andrea_Hollander_Budy",1947-04-28
"http://dbpedia.org/resource/Charles_Baxter_(author)",1947-05-13
"http://dbpedia.org/resource/Halima_Xudoyberdiyeva",1947-05-17
"http://dbpedia.org/resource/Jane_Kenyon",1947-05-23
"http://dbpedia.org/resource/Susan_McCaslin",1947-06-03
"http://dbpedia.org/resource/Ellen_Bass",1947-06-16
"http://dbpedia.org/resource/Lorna_Goodison",1947-08-01
"http://dbpedia.org/resource/Gary_Tillery",1947-08-06
"http://dbpedia.org/resource/Alurista",1947-08-08
"http://dbpedia.org/resource/Ron_Allen_(playwright)",1947-09-13
"http://dbpedia.org/resource/Joe_Dolce",1947-10-13
"http://dbpedia.org/resource/Ai_(poet)",1947-10-21
"http://dbpedia.org/resource/Veronica_Forrest-Thomson",1947-11-28
"http://dbpedia.org/resource/David_Lehman",1948-06-11
"http://dbpedia.org/resource/Stephen_Ratcliffe",1948-07-07
"http://dbpedia.org/resource/Heather_McHugh",1948-08-20
"http://dbpedia.org/resource/Diane_Ackerman",1948-10-07
"http://dbpedia.org/resource/Ntozake_Shange",1948-10-18
"http://dbpedia.org/resource/George_Szirtes",1948-11-29
"http://dbpedia.org/resource/Gioconda_Belli",1948-12-09
"http://dbpedia.org/resource/Carolyn_D._Wright",1949-01-06
"http://dbpedia.org/resource/Agha_Shahid_Ali",1949-02-04
"http://dbpedia.org/resource/James_Fenton",1949-04-25
"http://dbpedia.org/resource/Simeon_Simev",1949-05-30
"http://dbpedia.org/resource/John_Agard",1949-06-21
"http://dbpedia.org/resource/Hedwig_Gorski",1949-07-18
"http://dbpedia.org/resource/Jim_Carroll",1949-08-01
"http://dbpedia.org/resource/David_Bottoms",1949-09-11
"http://dbpedia.org/resource/Mohammad_Nurul_Huda",1949-09-30
"http://dbpedia.org/resource/Flora_Brovina",1949-09-30
"http://dbpedia.org/resource/August_Kleinzahler",1949-12-10
"http://dbpedia.org/resource/Pedro_Juan_Gutiérrez",1950-01-27
"http://dbpedia.org/resource/Julia_Alvarez",1950-03-27
"http://dbpedia.org/resource/Charles_Bernstein_(poet)",1950-04-04
"http://dbpedia.org/resource/Carolyn_Forché",1950-04-28
"http://dbpedia.org/resource/Jorie_Graham",1950-05-09
"http://dbpedia.org/resource/Anne_Carson",1950-06-21
"http://dbpedia.org/resource/Tim_Lilburn",1950-06-27
"http://dbpedia.org/resource/Nick_Toczek",1950-09-20
"http://dbpedia.org/resource/Arthur_Sze",1950-12-01
"http://dbpedia.org/resource/Dana_Gioia",1950-12-24
"http://dbpedia.org/resource/Ashok_Chakradhar",1951-02-08
"http://dbpedia.org/resource/Susan_Musgrave",1951-03-12
"http://dbpedia.org/resource/Endre_Kukorelly",1951-04-26
"http://dbpedia.org/resource/Ralph_Angel",1951-05-02
"http://dbpedia.org/resource/Robert_Priest",1951-07-10
"http://dbpedia.org/resource/Alamgir_Hashmi",1951-09-15
"http://dbpedia.org/resource/Jimmy_Santiago_Baca",1952-01-02
"http://dbpedia.org/resource/Dorianne_Laux",1952-01-10
"http://dbpedia.org/resource/Judith_Ortiz_Cofer",1952-02-24
"http://dbpedia.org/resource/Naomi_Shihab_Nye",1952-03-12
"http://dbpedia.org/resource/Ágnes_Rapai",1952-03-13
"http://dbpedia.org/resource/Gary_Soto",1952-04-12
"http://dbpedia.org/resource/Connie_Wanek",1952-06-01
"http://dbpedia.org/resource/Vikram_Seth",1952-06-20
"http://dbpedia.org/resource/Robert_Minhinnick",1952-08-12
"http://dbpedia.org/resource/Rita_Dove",1952-08-28
"http://dbpedia.org/resource/Alberto_Ríos",1952-09-18
"http://dbpedia.org/resource/Antjie_Krog",1952-10-23
"http://dbpedia.org/resource/Andrew_Motion",1952-10-26
"http://dbpedia.org/resource/Bimal_Guha",1952-10-27
"http://dbpedia.org/resource/Parveen_Shakir",1952-11-24
"http://dbpedia.org/resource/Helen_Dunmore",1952-12-12
"http://dbpedia.org/resource/Sean_O'Brien_(writer)",1952-12-19
"http://dbpedia.org/resource/Katarzyna_Krenz",1953-01-24
"http://dbpedia.org/resource/Giannina_Braschi",1953-02-05
"http://dbpedia.org/resource/Jane_Hirshfield",1953-02-24
"http://dbpedia.org/resource/Brad_Leithauser",1953-02-27
"http://dbpedia.org/resource/Jo_Shapcott",1953-03-24
"http://dbpedia.org/resource/Joseph_Bathanti",1953-07-20
"http://dbpedia.org/resource/Mark_Doty",1953-08-10
"http://dbpedia.org/resource/György_Károly",1953-08-31
"http://dbpedia.org/resource/John_Hegley",1953-10-01
"http://dbpedia.org/resource/Pascale_Petit_(poet)",1953-12-20
"http://dbpedia.org/resource/Dennis_O'Driscoll",1954-01-01
"http://dbpedia.org/resource/Alishetty_Prabhakar",1954-01-12
"http://dbpedia.org/resource/Peter_Lampe",1954-01-28
"http://dbpedia.org/resource/Imtiaz_Dharker",1954-01-31
"http://dbpedia.org/resource/Louise_Erdrich",1954-06-07
"http://dbpedia.org/resource/Jan_Theuninck",1954-06-07
"http://dbpedia.org/resource/Andrzej_Tadeusz_Kijowski",1954-07-15
"http://dbpedia.org/resource/Kim_Addonizio",1954-07-31
"http://dbpedia.org/resource/Benjamin_Alire_Sáenz",1954-08-16
"http://dbpedia.org/resource/Anatoly_Kudryavitsky",1954-08-17
"http://dbpedia.org/resource/David_Baker_(poet)",1954-12-27
"http://dbpedia.org/resource/Mary_Karr",1955-01-16
"http://dbpedia.org/resource/Leszek_Engelking",1955-02-02
"http://dbpedia.org/resource/Apirana_Taylor",1955-03-15
"http://dbpedia.org/resource/Ray_Buttigieg",1955-05-01
"http://dbpedia.org/resource/Les_Wicks",1955-06-15
"http://dbpedia.org/resource/Unorthodox_Australian_Poet",1955-10-19
"http://dbpedia.org/resource/Michelle_Boisseau",1955-10-26
"http://dbpedia.org/resource/Guda_Anjaiah",1955-11-01
"http://dbpedia.org/resource/Carol_Ann_Duffy",1955-12-23
"http://dbpedia.org/resource/Ian_McMillan_(poet)",1956-01-21
"http://dbpedia.org/resource/Annie_Finch",1956-10-31
"http://dbpedia.org/resource/Haydar_Ergülen",1956-11-14
"http://dbpedia.org/resource/Claudia_Emerson",1957-01-13
"http://dbpedia.org/resource/Bruce_Larkin",1957-01-23
"http://dbpedia.org/resource/John_M._Ford",1957-04-10
"http://dbpedia.org/resource/Essex_Hemphill",1957-04-16
"http://dbpedia.org/resource/Martín_Espada",1957-08-07
"http://dbpedia.org/resource/Michael_Hofmann",1957-08-25
"http://dbpedia.org/resource/Grażyna_Wojcieszko",1957-09-14
"http://dbpedia.org/resource/Andrea_Cheng",1957-09-19
"http://dbpedia.org/resource/Nick_Cave",1957-09-22
"http://dbpedia.org/resource/Sue_Lenier",1957-10-09
"http://dbpedia.org/resource/Malcolm_Guite",1957-11-12
"http://dbpedia.org/resource/Roma_Potiki",1958-02-16
"http://dbpedia.org/resource/Benjamin_Zephaniah",1958-04-15
"http://dbpedia.org/resource/Marjory_Heath_Wentworth",1958-06-03
"http://dbpedia.org/resource/Allison_Hedge_Coke",1958-08-04
"http://dbpedia.org/resource/Viggo_Mortensen",1958-10-20
"http://dbpedia.org/resource/Dawn-Michelle_Baude",1959-01-15
"http://dbpedia.org/resource/Markus_Hediger",1959-03-31
"http://dbpedia.org/resource/Kurt_Boone",1959-09-24
"http://dbpedia.org/resource/George_Elliott_Clarke",1960-02-12
"http://dbpedia.org/resource/István_Péter_Németh",1960-03-08
"http://dbpedia.org/resource/Marine_Petrossian",1960-08-16
"http://dbpedia.org/resource/Andrzej_Stasiuk",1960-09-25
"http://dbpedia.org/resource/Marinko_Stevanović",1961-05-23
"http://dbpedia.org/resource/Samina_Raja",1961-09-11
"http://dbpedia.org/resource/Mariela_Griffor",1961-09-29
"http://dbpedia.org/resource/Leo_Yankevich",1961-10-30
"http://dbpedia.org/resource/Aleš_Debeljak",1961-12-25
"http://dbpedia.org/resource/Alain_Tasso",1962-07-22
"http://dbpedia.org/resource/Reetika_Vazirani",1962-08-09
"http://dbpedia.org/resource/Sjón",1962-08-27
"http://dbpedia.org/resource/Raees_Warsi",1963-03-01
"http://dbpedia.org/resource/Maggie_Estep",1963-03-20
"http://dbpedia.org/resource/Tõnu_Trubetsky",1963-04-24
"http://dbpedia.org/resource/Simon_Armitage",1963-05-26
"http://dbpedia.org/resource/Hai_Zi",1964-03-24
"http://dbpedia.org/resource/Karina_Galvez",1964-07-07
"http://dbpedia.org/resource/Craig_Charles",1964-07-11
"http://dbpedia.org/resource/Geoffrey_Brock",1964-10-19
"http://dbpedia.org/resource/Christopher_Mwashinga",1965-01-09
"http://dbpedia.org/resource/Moeen_Nizami",1965-02-01
"http://dbpedia.org/resource/Christopher_Nolan_(author)",1965-09-06
"http://dbpedia.org/resource/Erin_Belieu",1965-09-25
"http://dbpedia.org/resource/Jennifer_Michael_Hecht",1965-11-23
"http://dbpedia.org/resource/Michal_Šanda",1965-12-10
"http://dbpedia.org/resource/Phillippa_Yaa_de_Villiers",1966-02-17
"http://dbpedia.org/resource/Christian_Bök",1966-08-10
"http://dbpedia.org/resource/Sherman_Alexie",1966-10-07
"http://dbpedia.org/resource/Anthony_Joseph",1966-11-12
"http://dbpedia.org/resource/Chris_Abani",1966-12-27
"http://dbpedia.org/resource/Lemn_Sissay",1967-05-21
"http://dbpedia.org/resource/Suman_Pokhrel",1967-09-21
"http://dbpedia.org/resource/Craig_Arnold",1967-11-16
"http://dbpedia.org/resource/Lisa_Gluskin_Stonestreet",1968-01-31
"http://dbpedia.org/resource/John_Farrell_(poet)",1968-05-22
"http://dbpedia.org/resource/A._E._Stallings",1968-07-02
"http://dbpedia.org/resource/Sasha_Skenderija",1968-07-04
"http://dbpedia.org/resource/Laird_Barron",1970-03-05
"http://dbpedia.org/resource/Taja_Kramberger",1970-09-11
"http://dbpedia.org/resource/Kevin_Young_(poet)",1970-11-08
"http://dbpedia.org/resource/José_Luis_Rodríguez_Pittí",1971-03-29
"http://dbpedia.org/resource/Tupac_Shakur",1971-06-16
"http://dbpedia.org/resource/Evelyn_Lau",1971-07-02
"http://dbpedia.org/resource/Saul_Williams",1972-02-29
"http://dbpedia.org/resource/Tracy_K._Smith",1972-04-16
"http://dbpedia.org/resource/Geeta_Tripathee",1972-06-28
"http://dbpedia.org/resource/Tapan_Kumar_Pradhan",1972-10-22
"http://dbpedia.org/resource/Ryan_Giggs",1973-11-29
"http://dbpedia.org/resource/Radovan_Brenkus",1974-01-30
"http://dbpedia.org/resource/Wioletta_Grzegorzewska",1974-02-09
"http://dbpedia.org/resource/Damond_Jiniya",1974-12-16
"http://dbpedia.org/resource/Lorin_Morgan-Richards",1975-02-16
"http://dbpedia.org/resource/Michael_Dickman",1975-08-20
"http://dbpedia.org/resource/Tishani_Doshi",1975-12-09
"http://dbpedia.org/resource/Daniele_Pantano",1976-02-10
"http://dbpedia.org/resource/Jovica_Tasevski-Eternijan",1976-07-25
"http://dbpedia.org/resource/Seth_Abramson",1976-10-31
"http://dbpedia.org/resource/Maja_Apostoloska",1976-12-07
"http://dbpedia.org/resource/Ilya_Kaminsky",1977-04-18
"http://dbpedia.org/resource/Anis_Mojgani",1977-06-13
"http://dbpedia.org/resource/Maryam_Jafari_Azarmani",1977-11-25
"http://dbpedia.org/resource/Jesse_Ball",1978-06-07
"http://dbpedia.org/resource/Ben_Lerner",1979-02-04
"http://dbpedia.org/resource/Pete_Doherty",1979-03-12
"http://dbpedia.org/resource/Johannes_Anyuru",1979-03-23
"http://dbpedia.org/resource/Jeff_Unaegbu",1979-10-01
"http://dbpedia.org/resource/Otep_Shamaya",1979-11-07
"http://dbpedia.org/resource/Carson_Cistulli",1979-12-23
"http://dbpedia.org/resource/Jumoke_Verissimo",1979-12-26
"http://dbpedia.org/resource/Jacek_Dehnel",1980-05-01
"http://dbpedia.org/resource/Radoslav_Rochallyi",1980-05-01
"http://dbpedia.org/resource/Matthew_Minicucci",1981-01-28
"http://dbpedia.org/resource/Jakobe_Mansztajn",1982-02-10
"http://dbpedia.org/resource/M._K._Asante",1982-11-03
"http://dbpedia.org/resource/Bogi_Takács",1983-12-25
"http://dbpedia.org/resource/Joanna_Lech",1984-01-25
"http://dbpedia.org/resource/Iya_Kiva",1984-05-04
"http://dbpedia.org/resource/Rossy_Evelin_Lima",1986-08-18
"http://dbpedia.org/resource/George_Watsky",1986-09-15
"http://dbpedia.org/resource/Kendrick_Lamar",1987-06-17
"http://dbpedia.org/resource/Lenore_Montanaro",1990-05-30
"http://dbpedia.org/resource/Mattie_Stepanek",1990-07-17
"http://dbpedia.org/resource/Rupi_Kaur",1992-10-04
"http://dbpedia.org/resource/Robbie_Coburn",1994-06-25
